game_name,subjectivity,polarity
Pogostuck: Rage With Your Friends,0.51958042,0.568706294
Gothic 1 Classic,0.384722222,0.386805556
Vanguard Princess,0.423809524,0.555357143
Counter-Strike,0.406012751,0.451168758
HunieCam Studio,0.376666667,0.585
WRC 6,0.491989026,0.525670439
My Koi,0.621428571,0.429464286
Team Fortress Classic,0.734848485,0.545075758
Womb Room,0.44,0.63
Day of Defeat,0.4,0.4
HonkaiImpact 3rd,0.578921569,0.418872549
Cactus Simulator - Bofete Stories,0.9,0.25
Deathmatch Classic,0.563606463,0.543757926
Learn to Fly 3,0.512297643,0.53437761
Half-Life: Opposing Force,0.46547619,0.561607143
SuperTux,0.513350103,0.65019578
Ricochet,0.451554908,0.602380953
Into the Stars,0.53125,0.390625
Half-Life,0.497584416,0.579422078
Hentai Girl Fantasy,0.378611111,0.572361111
Huusuienbu - Chapter Spring and Summer ,0.37,0.46
Counter-Strike: Condition Zero,0.728571429,0.447123016
SAO Utils: Beta,0.242857143,0.514285715
Codename Gordon,0.356287879,0.477234849
Suguri,0.318121693,0.458862434
Hard Reset,0.7125,0.5125
Counter-Strike: Condition Zero Deleted Scenes,0.3325,0.565
Gedonia,0.465601852,0.521203704
Jets'n'Guns Gold,0.542424242,0.43219697
League of Maidens,0.390882814,0.513414903
Half-Life: Blue Shift,0.258333333,0.5375
Dungeons 2,0.608333333,0.683333334
MONOPOLY Poker,0.540277778,0.575694445
Gleaner Heights,0.551190476,0.761904762
Squad,0.568194551,0.532161956
Salt,0.344444444,0.472222222
12 Labours of Hercules II: The Cretan Bull,0.962962963,0.725
SKYBOX VR Video Player,0.4,0.3
„Éç„Ç∏Ëæº„Åø„Ç∑„Éü„É•„É¨„Éº„Çø„ÉºVol1 -„Åä„Åã„Å£„Å±Â∑®‰π≥„Å°„ÇÉ„Çì„ÇíÁ∞°Âçò„Éû„Ç¶„ÇπÊìç‰Ωú„ÅßÊ•µÂ§™„Éá„Ç£„É´„Éâ„Éº„Å´„Åö„ÅΩ„Åö„ÅΩ„Åï„Åõ„ÇãÁñë‰ºº„Ç™„Éä„Éõ„Ç¢„Éó„É™-„ÄêÊã°Âºµ„Éª„Ç™„Éä„ÉõÂåñ„ÉªÁü≥Âåñ„ÉªÊôÇÈñìÂÅúÊ≠¢„Äë,0.470833333,0.470833334
12 Labours of Hercules III: Girl Power,0.426785714,0.598809524
Hurtworld,0.483333333,0.591666667
I Am Bread,0.507378126,0.557605287
Source SDK,0.591001516,0.567016646
Source SDK Base 2006,0.487733805,0.554118404
Source SDK Base 2007,0.592824074,0.538310185
Half-Life 2,0.525,0.553125
Counter-Strike: Source,0.500533769,0.568148148
Code Romantic,0.401234568,0.582175926
Golden Light,0.95,0.8
Accident,0.45225,0.468375
Arma: Cold War Assault,0.534919841,0.47793383
Synth Riders,0.556593407,0.548008242
Dungeon Defenders,0.625,0.716666667
World of Guns: Gun Disassembly,0.455639098,0.578712406
ÁæéÂ∞ëÂ•≥‰∏áÂçéÈïú -ÁêÜ‰∏éËø∑ÂÆ´ÁöÑÂ∞ëÂ•≥-,0.775,0.825
Half-Life: Source,0.574465812,0.409561966
My Friend Pedro,1,0.75
Downwell,0.9,0.75
Fairy Fencer F Advent Dark Force,0.61875,0.696875
NecroWorm,0.483333333,0.683333334
Day of Defeat: Source,0.468148148,0.599814815
Iconoclasts,0.666666667,0.75
Games and Girls,0.588392857,0.508482143
PLAY'A VR Video Player,0.734090909,0.662752526
PGA TOUR 2K21,0.288888889,0.611111111
Insanity Clicker,0.508190602,0.542043592
Half-Life 2: Deathmatch,0.333333333,0.625
ÂéüÁÅµ¬∑Ê∑±Êµ∑ÈÅóÊ¢¶ Medusa the Origin ~ Lost Dream of the Deep,0.7,0.675
Alien Shooter,0.692261905,0.541964286
Wintermoor Tactics Club,0.389814815,0.513888889
Masquerada: Songs and Shadows,0.43,0.547291667
Stranded,0.455,0.5975
Half-Life 2: Lost Coast,0.352777778,0.509722222
Alien Shooter: Revisited,0.395833333,0.65625
Midas Gold Plus,0.333333333,0.625
Manga maker ComiPo!,0.46,0.6875
Greak: Memories of Azur,0.320833333,0.5375
Alien Shooter 2: Reloaded,0.472916667,0.619791667
Half-Life Deathmatch: Source,0.372231716,0.589428116
ABYSS OF THE SACRIFICE,0.4625,0.5921875
This Strange Realm Of Mine,0.507142857,0.403571429
RutonyChat,0.542927171,0.589995543
Roots of Pacha,0.5,0.75
Half-Life 2: Episode One,0.551688312,0.556118326
Yooka-Laylee,0.550925926,0.638888889
I am an Air Traffic Controller 4 Demo,0.518132215,0.512220419
Lumini,0.7,0.9
The Bureau: XCOM Declassified,0.5914397,0.605837491
Portal,0.508333333,0.50625
Seek Girl ‚Ö£,0.6,0.6
Capcom Beat 'Em Up Bundle,0.470239234,0.553588517
Half-Life 2: Episode Two,0.470239234,0.553588517
Project 5: Sightseer,0.402568922,0.573245614
VICCP,0.371717172,0.587121212
Fly Simulator,0.470239234,0.553588517
Orwell,0.521064815,0.436111111
ELDEN RING,0.05,0.525
Team Fortress 2,0.6,0.45
Sid Meier's Civilization: Beyond Earth,0.418518519,0.554629629
Assassin's Creed II,0.2,0.55
Halo Wars: Definitive Edition,0.37,0.56
Momentum Mod Playtest,0.470239234,0.553588517
Spacewar,0.488305322,0.537254902
Sixtar Gate: STARTRAIL,0.405555556,0.610416667
BAJA: Edge of Control HD,0.37,0.56
Left 4 Dead,0.470239234,0.553588517
Don't Be Afraid - The First Toy,0.632142857,0.513571429
Little Racers STREET,0.37,0.56
Left 4 Dead 2,0.666666667,0.388888889
Into the Breach,0.534623016,0.503199405
Left 4 Dead 2 Authoring Tools,0.37,0.56
Dota 2,0.473765432,0.488580247
Perspectives: Paradise,0.470239234,0.553588517
Portal 2,0.37,0.56
Portal 2 Authoring Tools,0.56297619,0.578214286
Alien Swarm,0.470239234,0.553588517
ÊñáÂ≠óÈÅäÊà≤ÔºöÁ¨¨Èõ∂Á´†,0.46040404,0.609760101
Portal 2 Publishing Tool,0.470239234,0.553588517
Bright Memory Infinite Ray Tracing Benchmark,0.434222222,0.453656566
The Bookwalker Demo,0.470239234,0.553588517
Not For Broadcast,0.496686508,0.541875
Driver San Francisco,0.5625,0.523958334
Skul: The Hero Slayer,0.470239234,0.553588517
Crimsonland,0.6,0.6
Narcissu 10th Anniversary Anthology Project,0.470239234,0.553588517
Counter-Strike: Global Offensive,0.470239234,0.553588517
Sparkle 3 Genesis,0.519021164,0.534880953
Counter-Strike: Global Offensive - SDK,0.364880952,0.60327381
Cat's Kiss,0.593571429,0.569285715
The Disney Afternoon Collection,0.470239234,0.553588517
Steam,0.470239234,0.553588517
Tropico,0.470239234,0.553588517
Ironlights,0.363068182,0.492897728
Has-Been Heroes,0.470239234,0.553588517
Jigsaw Novel - The Job Promotion,0.560294118,0.560947713
PARTICLE MACE,0.470239234,0.553588517
ArcheAge: Unchained,0.470239234,0.553588517
Command & Conquer‚Ñ¢ Remastered Collection,0.775,0.496875
Grow Up,0.37,0.56
NGU IDLE,0.470239234,0.553588517
War for the Overworld,0.562698413,0.512202381
Answer Knot,0.470239234,0.553588517
I Wanna Maker,0.116666667,0.458333334
Superliminal,0.332638889,0.565972222
Mother Russia Bleeds,0.470239234,0.553588517
Divinity: Original Sin (Classic),0.621428571,0.663392857
Underworld Idle,0.470239234,0.553588517
STARWHAL,0.470239234,0.553588517
The Construct,0.535507246,0.586775363
Eversion ,0.37,0.56
Universe Sandbox,0.9,0.8
Haven,0.6,0.85
Will You Snail?,0.288461538,0.625
ARCADE GAME SERIES: PAC-MAN,0.5,0.75
2076 Midway Multiverse,0.84375,0.421875
FINAL FANTASY¬Æ XI: Ultimate Collection Seekers Edition NA,0.4875,0.6375
Interrogation: You will be deceived,0.43287037,0.595370371
ASTRONEER,0.575,0.522222222
West of Dead,0.388888889,0.526041667
UnderMine,0.05,0.525
Chernobylite,0.727272727,0.409090909
Renegade Ops,0.471666667,0.645
Olympia Rising,0.066666667,0.516666667
Bonfire Peaks,0.37,0.56
Tell Me Why,0.37,0.56
Eternal Return,0.285714286,0.521428572
VEGAS Movie Studio 16 Platinum Steam Edition,0.066666667,0.516666667
Warframe,0.595833333,0.48125
Phoenix Wright: Ace Attorney Trilogy,0.2,0.425
Signs of Life,0.44390699,0.499576024
Century: Age of Ashes,0.470192837,0.581088155
B-RAIN,0.37,0.56
Crush Crush,0.37,0.56
ÁÇéÈªÑÊàòÁ∫™[Legacy of YanHuang],0.4,0.3
Before Your Eyes,0.486728395,0.549537037
Punch Club,0.37,0.56
Unrailed!,0.638186813,0.619505495
Arma 2,0.575,0.7
Arma 2,0.5,0.403125
Spintires¬Æ,0.403333333,0.581666667
Industry Idle,0.409044104,0.530004255
Hearts of Iron IV,0.5,0.666666667
PANELKI,0.5125,0.41875
Dead Age 2,0.527083333,0.413541667
Arma 2: Operation Arrowhead,0.5,0.6
Dominions 5,0.618181818,0.681060606
Sullen: Light is Your Friend,0.445214286,0.61175
Fallout 76 Public Test Server,0.725,0.6625
.hack//G.U. Last Recode,0.525,0.479318182
Tropico 6,0.400595238,0.548214286
Gravel,0.3,0.625
Dead Rising,0.484375,0.4984375
Dimension Drive,0.450928823,0.573914661
Life on the hook,0.508197701,0.525178995
STAR WARS‚Ñ¢: X-Wing Alliance‚Ñ¢,0.6975,0.67875
BLOCKADE ,0.473742148,0.520657203
Eight-Minute Empire,0.49265873,0.54343254
Mare Nostrum,0.6,0.85
Total War: ROME REMASTERED,0.462083333,0.623125
Ghostwire: Tokyo,0.366666667,0.7
Killing Floor,0.85,0.575
FOOTSIES,0.555208333,0.4609375
Total War: NAPOLEON - Definitive Edition,0.483564815,0.514583334
8-Bit Armies,0.314880952,0.520238095
Darkest Hour: Europe '44-'45,0.414049587,0.638016529
HELLDIVERS‚Ñ¢,0.525,0.45
Deadness,0.596666667,0.401041667
My Free Farm,0.410892256,0.507388468
Domino Simulator,0.558333333,0.616666667
Vampyr,0.611555556,0.522472222
Little Witch Nobeta,0.470039683,0.534920635
Girls Like Robots,1,0.25
She Will Punish Them,0.551790123,0.536296297
Soulworker,0.4,0.505178572
Stargaze,0.572330982,0.581058936
The Walking Dead Onslaught,0.528888889,0.570347222
HIVESWAP: ACT 1,0.666666667,0.666666667
COSPLAY LOVE!  Enchanted princess,0.699423559,0.591265664
Epic Roller Coasters,0.609090909,0.625
Stories Untold,0.266666667,0.560763889
Devil May Cry 4 Special Edition,0.424393939,0.557159091
The Long Drive,0.514814815,0.5875
Rogue Heroes: Ruins of Tasos,0.4,0.3
Mighty Gunvolt,0.519047619,0.578031562
Ballistic Overkill,0.45,0.4
She Hates Unicorns,0.673333333,0.509722222
SpyParty,0.481601732,0.488311689
Tom Clancy's Rainbow Six Siege - Test Server,0.7,0.65
MMM: Murder Most Misfortunate,0.268181818,0.536616162
articy:draft,0.341666667,0.4975
Sucker for Love,0.558333333,0.666666667
The Leisure of Grisaia,0.298863636,0.40625
Air Threat,0.641666667,0.615134298
Heroine Anthem Zero 2,0.427857143,0.480357143
Sonic and SEGA All Stars Racing,0.452913753,0.533449884
Farming Simulator 19,0.550490196,0.573529412
Gems of War,0.5,0.517857143
The Night of the Rabbit,0.7,0.3
TurnSignal,0.493009259,0.485949074
Tower Unite,0.7,0.466666667
Mitsurugi Kamui Hikae,0.507792208,0.649025974
I Am Dead,0.384895833,0.534635417
Longvinter Dedicated Server,0.474074074,0.640740741
Lust Theory,0.635897436,0.567948718
üî¥ Circles,0.495830955,0.502992841
Darwinia,0.569437229,0.55012987
SEGA Mega Drive & Genesis Classics,0.506666667,0.551666667
MOAI 2: Path to Another World,0.333333333,0.583333333
Shadowhand,0.666666667,0.604166667
Uplink,0.528571429,0.535714286
PokerStars VR,0.547695035,0.544757415
DEFCON,0.475,0.2875
DEFCON Demo,0.597619048,0.561309524
Factorio,0.37982684,0.547251083
Unearthed: Trail of Ibn Battuta - Episode 1 - Gold Edition,0.62,0.68
Tap Wizard 2,0.489642857,0.634880953
Mount Your Friends,0.705,0.516875
Card Quest,0.52112493,0.563003889
Total War: SHOGUN 2,0.630827068,0.523433584
GemCraft - Chasing Shadows,0.497222222,0.6125
"Yes, Your Grace",0.377777778,0.5
Equilinox,0.5,0.325
My Furry Neighbour,0.491666667,0.325
The Signifier Director's Cut,0.379166667,0.464583334
Sex Adventures - The Secret Club,0.427380952,0.529761905
Spiral Knights,0.558333333,0.483977273
MagiCat,0.75,0.3875
Syberia - The World Before,0.503333333,0.459166667
Pretty Angel,0.4,0.35
Rising Hell,0.4,0.35
Neon Abyss,0.642708333,0.4484375
EvilQuest,0.4,0.35
Vampire: The Masquerade - Shadows of New York,0.585714286,0.54375
RiME,0.266666667,0.466666667
Buccaneers!,0.297777778,0.465
The Myth Seekers: The Legacy of Vulcan,0.4,0.35
Ragnarok Online 2,0.413095238,0.521428572
Democracy 4,0.527651515,0.448106061
Arx Fatalis,0.6,0.583333333
Ashes of Immortality II - Bad Blood,0.425,0.5125
DOOM 64,0.633333333,0.533333334
Hidden Western,0.533333333,0.433333334
Zwei: The Ilvard Insurrection,0.4,0.35
Queen's Quest 2: Stories of Forgotten Past,0.269230769,0.461538462
Âè§ÂâëÂ•áË∞≠ÁΩëÁªúÁâà Êµ∑Â§ñÁâà,0.755555556,0.275
Who's Your Daddy?!,0.223809524,0.428571429
State of Decay: Year-One,0.48,0.6
DEADBOLT,0.225,0.5625
G-Darius HD,0.449074074,0.615972222
Automachef,0.495238095,0.418452381
Seek Girl ‚Öß,0.4,0.35
Sonic Lost World,0.81875,0.6109375
MUSYNX,0.505952381,0.540476191
Memory Novel - Mile High Club,0.49375,0.609375
The Legend of Bum-Bo,0.435,0.4225
Darkestville Castle,0.41,0.5675
Resident Evil 3,0.538095238,0.489550265
RESIDENT EVIL RESISTANCE,0.5,0.6
Maximum Action,0.4,0.416666667
Minecraft Dungeons,0.416666667,0.521875
The World Next Door,0.494444444,0.380555556
Planet Coaster,0.3,0.458333334
Kentucky Route Zero,0.55,0.665
Motorcycle Mechanic Simulator 2021: Prologue,0.493877551,0.338265306
Hand Simulator,0.4,0.35
Source Filmmaker,0.8,0.283333334
Disc Creatures,0.65,0.3125
Ragnarok Clicker,0.460416667,0.501432292
Á¨¶ÊñáÂ•≥Â≠©/Rune Girl,0.5,0.495
The Wild Eight,0.6,0.275
Massive Assault Network 2,0.4,0.35
Felix the Reaper,0.65,0.575
SUPERHOT: MIND CONTROL DELETE,0.602380952,0.448809524
World Seed Classic,0.616666667,0.43125
6-in-1 IQ Scale Bundle,0.4,0.35
Blind Postman,0.492857143,0.507142857
Opus Magnum,0.591666667,0.458333334
FNaF World,0.575,0.58125
Aperture Desk Job,0.5125,0.517045455
Army of Tentacles: (Not) A Cthulhu Dating Sim,0.480074956,0.49388433
DISTRAINT: Deluxe Edition,0.4,0.3125
City Car Driving,0.62359944,0.499458875
3DMark Demo,0.5375,0.46875
Pixel Piracy,0.414285714,0.491666667
GTFO,0.53125,0.55
WazHack,0.4,0.35
Figment,0.325,0.43125
BustyBiz,0.4,0.325
The Adventures of Fatman,0.6,0.4875
Bayonetta,0.5,0.6
Company of Heroes 2,0.328571429,0.483928572
One Finger Death Punch,0.4,0.35
Vanquish,0.4,0.35
Renowned Explorers: International Society,0.5,0.316666666
Sniper: Ghost Warrior,0.7,0.55
Heroes of Might & Magic III - HD Edition,0.4,0.35
Age of Empires: Definitive Edition,0.536111111,0.401388889
Dark Messiah of Might & Magic Single Player,0.7,0.6328125
GameGuru MAX,0.25,0.425
The Culling Of The Cows,0.591666667,0.4375
GOD EATER RESURRECTION,0.5875,0.4125
Slot Idler,0.588405797,0.476811594
Alex Kidd in Miracle World DX Demo,0.4,0.35
Ring of Elysium,0.388888889,0.333333334
Animation Throwdown: The Quest for Cards,0.433673469,0.594217687
Hades' Star,0.4,0.3125
Rakuen,0.55,0.45
High On Racing,0.774285714,0.451428572
Lonely Astronaut,0.4,0.35
Steep,0.5,0.325
Software Inc.,0.35,0.35
Tom Clancy's Ghost Recon¬Æ Wildlands,0.583611111,0.487430556
Freedom Cry,0.373809524,0.439285715
‰∏ÄÂù®‰æø‰æø YTBB,0.293668831,0.478652598
Girls and Dragons,0.688888889,0.333333334
Katana ZERO,0.7,0.4
Quake III Arena,0.2,0.366666667
Castlevania Anniversary Collection,0.55,0.455
Wayward Souls,0.85,0.191666667
Orbital Racer,0.656666667,0.62
Quake 4,0.502666667,0.663
Contra Anniversary Collection,0.501521164,0.592195767
Titan Souls,0.3625,0.625
Pipes!,0.573333333,0.56
Mini Ninjas,0.447222222,0.605555556
Narcissu 1st & 2nd,0.2,0.65
Epic Chef,0.575,0.4
Illyriad - Grand Strategy MMO,0.481782082,0.558538402
Wolfenstein 3D,0.8,0.4
Lost Island,0.675,0.95
Reloader: test_subject,0.485925926,0.463148148
The Ultimate DOOM,0.25,0.6
DOOM II: Hell on Earth,0.75,0.625
Quake,0.333928571,0.423214286
Quake II,0.482575758,0.645075758
Asterix & Obelix XXL 2,0.412545788,0.506776557
Ragnarock,0.65,0.55
Children of Morta,0.366666667,0.466666667
School For The Friendless,0.474848485,0.591287879
Lara Croft and the Guardian of Light,0.6,0.625
Knights of Pen and Paper +1,0.35,0.675
Batman: Arkham Asylum GOTY Edition,0.95,0.2
WGT Golf,0.559090909,0.504545455
Dungeons 3,0.7,0.4
Expedition Zero,0.534,0.509666667
VEGAS Movie Studio 13 Platinum - Steam Powered,0.3,0.65
Game of Love,0.333333333,0.625
Legends of Idleon MMO,0.5375,0.49375
RPG Maker 2003,0.36,0.443333334
No Parachute,0.53,0.51
Dungeon Painter Studio,0.5,0.625
Black Mesa,0.327272727,0.559090909
Endorlight,0.541688713,0.546946649
hack_me,0.435,0.43
Garfield Kart,0.473000541,0.491079546
Trine 4: The Nightmare Prince,0.611904762,0.714285715
Princess & Conquest,0.369813988,0.537154018
Subnautica,0.519444444,0.622916667
Icarus,0.602380952,0.520238095
Satisfactory,0.530952381,0.683928572
Sign of Silence,0.708333333,0.375
Witch It,0.425,0.5375
Vampire: The Masquerade - Bloodlines,0.583333333,0.558333334
Thorne - Son of Slaves (Ep.2),0.422597403,0.543157468
Reel Fishing: Road Trip Adventure,1,0.75
Call of Duty,0.579166667,0.447916667
my brother lives in a canyon,0.463865995,0.514457418
Trover Saves the Universe,0.6,0.85
A Princess' Tale,0.528333333,0.370555555
The Thrill of the Fight,0.483333333,0.583333333
Call of Duty 2,0.6,0.55
SQUAKE,0.568181818,0.581060606
PICO PARK,0.474441392,0.57952381
Euro Truck Simulator,0.674074074,0.548148148
ÈóØÂÖ≥ÊùÄII,0.495238095,0.559226191
Call of Duty: United Offensive,0.446428571,0.510119048
Killing Floor Mod: Defence Alliance 2,0.708333333,0.5125
DiRT Rally 2.0,0.341666667,0.456111111
Eador. Masters of the Broken World,0.454545455,0.568181818
Deliver Us The Moon,0.496804871,0.536617406
Rising Storm/Red Orchestra 2 Multiplayer,0.88,0.405
Turing Complete,0.35,0.48125
Handball 17,0.8,0.775
The Ball,0.452142857,0.53375
RollerCoaster Tycoon 3: Platinum!,0.666666667,0.55
Romance of the Three Kingdoms XIII,0.429591837,0.597895408
Foundation,0.357142857,0.482142857
LEGO¬Æ Star Wars‚Ñ¢: The Skywalker Saga,0.4,0.55
Heart's Medicine - Time to Heal,0.252380952,0.516666667
Killing Floor 2,0.566666667,0.6
Gas Station Simulator,0.47,0.71
Demeo - PC Edition,0.403627391,0.500824176
Vermillion,0.499206349,0.567380953
GrandChase,0.526984127,0.542857143
Seek Girl ‚Ö°,0.55,0.558333334
Celestial Command,0.366666667,0.5875
SUCCUBUS,0.333333333,0.625
SNK VS. CAPCOM: THE MATCH OF THE MILLENNIUM,0.517575758,0.558636364
Virgo Versus the Zodiac,0.375,0.55
Overruled!,0.408333333,0.6
NEBULOUS: Fleet Command,0.408333333,0.6
Streets of Rage 4,0.55,0.375
Anime Feet,0.588095238,0.348809524
X Rebirth,0.841964286,0.269111252
ÊûùÊ±üÂæÄ‰∫ã,0.343333333,0.473333334
Screenbits - Screen Recorder,0.380952381,0.535714286
League of Angels-Heaven's Fury,0.524537037,0.64699074
Realpolitiks II,0.496686647,0.593797869
Modern Combat Versus,0.7,0.675
Hot Milf 5,0.4,0.55
Praey for the Gods,0.316666667,0.475
Trine,0.772901786,0.329673888
Sword and Fairy 7,0.478960951,0.546014183
For The King,0.588095238,0.348809524
Farming Simulator 22,0.4,0.55
Split/Second,0.416666667,0.616666667
Trine 2,0.592315287,0.563845309
Our Elusive Suffering,0.522960993,0.552260639
Driver Booster for Steam,0.526666667,0.578333334
FlatOut 2,0.595833333,0.454166667
Mega Man Legacy Collection,0.581530612,0.568826531
GTI Racing,0.366666667,0.566666667
Sprocket,0.4,0.55
Lulu & Ennoi - Sacred Suit Girls,0.71356305,0.632832356
Pay Me In Colors,0.602083333,0.706770834
Saku Saku: Love Blooms with the Cherry Blossoms,0.4,0.55
Element TD 2,0.4,0.55
Acceleration of Suguri X-Edition,0.2875,0.5828125
EZ2ON REBOOT : R,0.53287037,0.492592593
The Last Pixel,0.569444444,0.581944445
Electronauts,0.411111111,0.604498106
Escape Machines,1,0.25
Memorial Park of Hypoxia,0.452916667,0.64375
Gone Home,0.44,0.425
STANDBY,0.439814815,0.442592593
Viscera Cleanup Detail: Santa's Rampage,0.535714286,0.521428572
Deliver Us From Evil,0.405,0.6
Pillars of Eternity II: Deadfire,0.486956522,0.580480073
MONSTER HUNTER RISE DEMO,0.406060606,0.552020202
Zenge,0.63030303,0.392045455
Captain Kaon,0.4,0.55
Nightmare Reaper,0.644444444,0.525
Chicken Invaders Universe,0.4,0.58
POPULATION: ONE,0.361942659,0.514774003
Bleed 2,0.460714286,0.6
EA SPORTS‚Ñ¢ FIFA 21 ,0.7,0.275
"Warhammer 40,000: Inquisitor - Martyr",0.4,0.5625
Gigapocalypse,0.3875,0.49375
Follow the Black Kitten,0.51,0.7175
TransRoad: USA,0.719444444,0.586111111
Holy Potatoes! A Weapon Shop?!,0.588095238,0.348809524
Tales from the Borderlands,0.524305556,0.586309524
Lords Of The Fallen,0.4,0.4
Game of Thrones - A Telltale Games Series,0.4,0.55
Cockroach Simulator,0.4,0.55
ÈõÄÂß¨,0.71,0.51
DreamBig 3,0.45,0.525
Gun Club VR,0.4,0.55
Suspects: Mystery Mansion,0.3875,0.49375
Far Cry 4,0.65,0.758333334
Sandwich Sudoku,0.434747475,0.501212121
Azur Lane: Crosswave,0.588095238,0.348809524
Learning Factory,0.666666667,0.75
NVL,0.420833333,0.583333333
Kawaii Hentai Girls,0.338461538,0.448076923
Buggos,0.3,0.575
She and The Light Bearer,0.595138889,0.583333333
Foreign Legion: Buckets of Blood,0.661111111,0.65
RoboLife-Days with Aino,0.673140496,0.514279155
FIREFIGHT RELOADED SDK,0.588095238,0.348809524
Toy Tinker Simulator,0.608333333,0.697916667
DownTheDead Demo,0.581547619,0.491904762
HudSight - custom crosshair overlay,0.529931973,0.55361926
Movavi Video Editor Plus 2020,0.353234266,0.514219114
Snowdrop Escape,0.628751804,0.516544914
Movavi Video Suite 2020 Steam Edition,0.5,0.425
The USB Stick Found in the Grass,0.7,0.775
Chicken Police,0.628751804,0.516544914
SANABI: Prologue,0.628751804,0.516544914
7 Angels,0.628751804,0.516544914
ELYON,0.644444444,0.68125
Fireflies,0.44,0.395
SWAT 3: Tactical Game of the Year Edition,0.4,0.55
UBOAT,0.4,0.55
Zuma Deluxe,0.48,0.55
V-Rally 4,0.516942866,0.570025154
Stikbold!,0.36,0.53
Stoneshard,0.375,0.625
RealRTCW,0.335,0.5125
The Adventures of Fei Duanmu Á´ØÊú®ÊñêÂºÇÈóªÂΩï,0.742692308,0.670576923
Smipat and the Lost Bones Playtest,0.356818182,0.533522728
Lazy Galaxy 2,0.54,0.58
POSTAL,0.3,0.675
Quantum Conundrum,0.666666667,0.333333334
Dead Rising 3,0.62962963,0.666666667
Broken Age,0.34,0.424166667
Office Space: Idle Profits,0.183333333,0.445833334
TramSim Vienna,0.425,0.435227273
Nippon Ecchi Jigsaw,0.9,0.8
Godus,0.516666667,0.633333334
RPG Maker MV,0.491666667,0.479166667
The Red Solstice,0.15,0.475
Summer of '58,0.166666667,0.416666667
Cat Quest,0.425,0.625
Peggle Deluxe,0.545597288,0.572009595
Dead Age,0.5,0.75
Fistful of Frags,0.1,0.525
Lust from Beyond: M Edition,0.53,0.54125
The Adventure Pals,0.487321937,0.517022792
Nosgoth,1,0.25
Fights in Tight Spaces (Prologue),0.485,0.42
Stronghold Crusader 2,0.490219907,0.457039517
Clicker Heroes,0.618253968,0.66968254
Imagine Me,0.441666667,0.566666667
TrackMania¬≤ Stadium,0.451388889,0.429861111
Peggle Nights,0.291666667,0.410416666
THE CORRIDOR,0.540204678,0.427464495
NaissanceE,0.714935065,0.570048702
EMERGENCY 4 Deluxe,0.8,0.866666667
Worms Revolution,0.2,0.475
Lazy Galaxy,0.455555556,0.266666667
Aimtastic,0.2,0.6
12 Labours of Hercules IV: Mother Nature,0.324147727,0.501278409
Plants vs. Zombies: Game of the Year,0.25,0.4
Realm of the Mad God Exalt,0.4,0.511111111
GHOSTWARE: Arena of the Dead [PLAYTEST],0.325,0.4625
Zuma's Revenge,0.80952381,0.595238095
Pantsu Hunter: Back to the 90s,0.575,0.483333334
Pets and Girls,0.506666667,0.338333334
ÈÄùÂéªÁöÑÂõûÂøÜ3Â§ñ‰º†ÔºöÈÄù3ÊªûÈîÄÂ∏ÆÂ∏ÆÊàë‰ª¨,0.398214286,0.591071429
Dungeon Rushers,0.55,0.675
Truberbrook,1,0.55
The Dark Pictures Anthology: House of Ashes,0.421031746,0.512103175
Sable,0.8,0.55
SpiderHeck Demo,0.488888889,0.494444445
Batman: Arkham City GOTY,0.516666667,0.502083334
Winter Polaris,0.603333333,0.609444445
Tales of Berseria,0.447811448,0.613468014
Anno 1404 - History Edition,0.548295455,0.551515152
GRIP: Combat Racing,1,0.7
Pumpkin Eater,0.385714286,0.502380953
Ylands,0.177777778,0.433333334
Sniper Elite,0.450694444,0.525446429
Winged Sakura: Mindy's Arc,0.4775,0.590625
Solar System VR,0.95,0.175
ÈÄâÁéã‰πãÂâë,0.633333333,0.4
One Line: Letters and Codes,0.4775,0.590625
Hexcells,0.5,0.3
Shadow Warrior,0.498153614,0.551292757
AVICII Invector,0.66,0.47
Yu-Gi-Oh! Legacy of the Duelist : Link Evolution,0.4775,0.590625
Êù±Âë®ÂàóËêåÂøó Philosophic Love,0.4775,0.590625
Goat Simulator,0.4775,0.590625
Everlasting Summer,0.6,0.9
Bunny Hop League,0.2,0.6
AdventureQuest 3D,0.4775,0.590625
OMORI,0.25,0.625
Broken Reality,0.4775,0.590625
Imperiums: Greek Wars,0.4,0.576388889
Lilly and Sasha: Curse of the Immortals,0.617777778,0.675
ECCHI NEKO GIRLS PUZZLE,0.568865079,0.572654762
Psychonauts,1,0.75
Kimagure Temptation,0.476530612,0.563265306
The Iron Oath Demo,0.4775,0.590625
LYNE,0.222222222,0.541666667
Pocket Kingdom,0.5625,0.375
Ignited Steel Demo,0.4775,0.590625
Far Cry¬Æ 3 Blood Dragon,0.322222222,0.391666667
State of Decay 2,0.289285714,0.442857143
Sid Meier's Civilization IV,0.544500125,0.528901986
XCOM: Enemy Unknown,0.727272727,0.784090909
SMETANKA,0.083333333,0.408333334
Tennis World Tour,0.476259921,0.572475199
Total War: WARHAMMER,0.7,0.475
VEGAS Pro 14 Edit Steam Edition,0.75,0.9
MURDERED: SOUL SUSPECT‚Ñ¢,0.5375,0.66875
Dragon Climax,0.4,0.3
ONE PIECE PIRATE WARRIORS 3,0.05,0.4375
Sid Meier's Pirates!,0.466666667,0.433333334
BalanCity,0.506233417,0.532796572
Totally Accurate Battlegrounds,0.45390377,0.537512401
SYNTHETIK,0.519538553,0.503507905
Hunger in Paradise,0.375,0.525
Crush the Castle Legacy Collection,0.7,0.4
Êó•Êó•Â§úÂ§ú,0.492142857,0.483690476
Tower of Guns,0.4875,0.55
Terra Nil Demo,0.5,0.75
Prey,0.3,0.45
Prey,0.385267857,0.480357143
Sudeki,0.516666667,0.595833334
tModLoader,0.607142857,0.357142857
Townopolis,0.3625,0.54375
Breach & Clear,0.443660287,0.544597289
Garry's Mod,0.4,0.45
Steam Deck Deposit,0.6,0.75
Dungeons & Dragons: Ravenloft Series,0.434259259,0.547685185
Have a Nice Death,0.7,0.9
Pyre,0.533333333,0.225
Ghostrunner Demo,0.502564103,0.563461539
Darkness Within: In Pursuit of Loath Nolder,0.496218487,0.593277311
TT Isle of Man,0.9,0.9
The Elder Scrolls: Legends,0.589285714,0.6375
Dungeons & Dragons: Dark Sun Series,0.4,0.4
A Kiss For The Petals - Remembering How We Met,0.82,0.58
Sabbat of the Witch,0.397222222,0.537847222
Rayland,0.511764706,0.50882353
OCTOPATH TRAVELER,0.285333333,0.562333334
Timelie,0.65,0.375
Prison Architect,0.382667781,0.515177179
DISSIDIA FINAL FANTASY NT Free Edition,0.613636364,0.523484849
People Playground,0.2,0.55
Looterkings,0.733333333,0.611111111
Torchlight II,0.4,0.3
Twinsen's Little Big Adventure Classic,0.8,0.7
Sector 452,0.32,0.46
SimplePlanes,0.75,0.471875
Lake,0.4,0.3
Lorelai,1,0.8
Key To Heaven,0.85,0.31875
VTuber Gallery : Anime Pose,0.454166667,0.608333334
Grow: Song of the Evertree,0.633333333,0.433333334
Garfield Kart - Furious Racing,0.530555556,0.533964647
GameGuru,0.9,0.95
Warsim: The Realm of Aslona,0.342857143,0.602857143
Before Arriving at the Terminal,1,0.75
Fires At Midnight,0.41031746,0.543055556
AER Memories of Old,1,0.8
RetroArch,0.616666667,0.637630209
COLLECTION of SaGa FINAL FANTASY LEGEND,0.5265625,0.560658482
Calibre 10 Racing Series,0.46373977,0.528501373
The Void,0.528819444,0.579285038
Distance,0.375,0.571875
Ninja Blade,0.2,0.55
The Jackbox Party Pack 2,0.583333333,0.591666667
Away,0.477462121,0.494223485
iRacing,0.451527778,0.462256945
Wander No More,0.304047619,0.550555556
Bikini Girls,0.427777778,0.425
Prison Life,0.535714286,0.642857143
Cave Story+,0.364880952,0.483630953
Freedom Fighters,0.2,0.55
Scavengers,0.304047619,0.550555556
BONEWORKS,0.611578947,0.609561404
Builder Simulator Playtest,0.75,0.275
Before the Echo,0.304047619,0.550555556
Destiny 2,0.501461988,0.541081872
Borderlands 3,0.463690476,0.558333334
Sonic CD,0.173571429,0.486666667
Deus Ex: Revision,0.460683761,0.579594017
Enter The Backrooms,0.376904762,0.624285715
Surgeon Simulator,0.46025641,0.639102564
Booty Calls,0.489285714,0.636607143
Our Journeys 2 ~ A Collection of Visual Novels,0.375,0.571875
Organ Trail: Director's Cut,0.643265993,0.502508418
Toy Soldiers HD ,0.649450549,0.576739926
Spin Rush,0.533055556,0.457638889
Necrobarista,0.395521542,0.564722802
Druidstone: The Secret of the Menhir Forest,0.459861111,0.644375
Valkyria Chronicles 4 Complete Edition,0.505224868,0.557242064
Dungeon Fighter Online,0.620833333,0.51875
Gears Tactics,0.533891547,0.607496013
A Monster's Expedition,0.4,0.55
Undead Horde,0.403579679,0.538951556
Silverfall,0.430796056,0.498057961
Arma 3 Tools,0.257142857,0.732142857
Echo,0.53,0.625
Habitat,0.402777778,0.589583334
Shu,0.7,0.6375
Icarus Online,0.65952381,0.619047619
Operation: New Earth,0.164795918,0.490476191
Shin Megami Tensei III Nocturne HD Remaster,0.533333333,0.7
Fallout 76,0.666666667,0.604166667
Demon Hunter 5: Ascendance,0.466666667,0.566666667
FIREFIGHT RELOADED,0.606666667,0.6175
Dino D-Day,0.430353535,0.518724748
Dungeon of Zolthan,0.535714286,0.714285715
Terminator: Resistance,0.52,0.416666667
2ECONDS TO STŒîRLIVHT: My Heart's Reflection,0.703333333,0.511666667
Hotel Renovator Demo,0.25,0.375
Koi-Koi Japan [Hanafuda playing cards],0.568034067,0.50892716
Kenshi,0.325,0.545833334
S.T.A.L.K.E.R.: Shadow of Chernobyl,0.625545635,0.523499504
RUSSIAPHOBIA,0.45,0.55
Full Spectrum Warrior,0.333333333,0.583333333
Obsideo,0.4625,0.65
Stargazing: Genesis,0.285714286,0.553571429
Guided Meditation VR,0.61991342,0.517113095
MXGP3 - The Official Motocross Videogame,0.375,0.571875
Ê†ëËéìÊàòËÆ∞,0.579220779,0.54426407
MotoGP‚Ñ¢17,0.566666667,0.4
Hacker Evolution,0.53166131,0.531632614
"Warhammer 40,000: Dawn of War - Game of the Year Edition",0.517206916,0.570513606
Utawarerumono: Prelude to the Fallen,0.35,0.514285715
Hacker Evolution - Untold,0.333333333,0.625
The Unliving Demo,0.775,0.15
"Warhammer 40,000: Dawn of War - Dark Crusade",0.47082517,0.534917412
Slap City,0.7,0.6625
Idle Cooking Emperor,0.327494331,0.459552154
100 hidden frogs,0.666666667,0.583333333
EverQuest II,0.488,0.436
LEGO¬Æ Worlds,0.566666667,0.633333334
OBS Studio,0.425,0.4375
Train Sim World¬Æ 2,0.433333333,0.525
Gunfire Reborn,0.485,0.43375
Evoland Legendary Edition,0.325,0.5875
Shenmue I & II,0.388888889,0.333333334
Injustice‚Ñ¢ 2,0.291666667,0.633333334
Spriter Pro,0.5,0.71015625
Business Tour - Online Multiplayer Board Game,0.46984127,0.528174603
MidBoss,0.478703704,0.620370371
Milk Bottle And Monster Girl,0.436495536,0.527306548
Age of Mythology: Extended Edition,0.6,0.9375
Demeo - PC Edition Demo,0.8,0.4
Tiny Bunny: Prologue,0.4375,0.36875
Total War: MEDIEVAL II - Definitive Edition,0.567142857,0.628571429
Underworld Ascendant,0.341666667,0.531666667
Kona,0.313257576,0.553030303
Onward,0.375,0.643229167
Condemned: Criminal Origins,0.888888889,0.375
Bloodstained: Ritual of the Night,0.55,0.5625
Pathfinder: Wrath of the Righteous,0.9,0.1
Max Payne (IT),0.618181818,0.41439394
Clustertruck,0.472355912,0.628394237
Crysis¬Æ 3 ,0.511111111,0.45
Total War: WARHAMMER II,0.535714286,0.642857143
Heavy Burger,0.611904762,0.497619048
Horizon Zero Dawn,1,0.45
Roboquest,0.333333333,0.625
VVVVVV,0.41031746,0.589285715
Mad Max,0.5,0.75
SENRAN KAGURA Burst Re:Newal,0.745909091,0.681136364
Loop Hero,0.483833944,0.508321124
Bright Memory,0.48125,0.721875
Hokko Life,0.6,0.725
Running Gods,0.535546218,0.598928572
Skullnight,0.269444444,0.577777778
Receiver,0.434579026,0.579938906
Fighting Fantasy Legends,0.313333333,0.44
Hunt: Showdown,0.516774892,0.58103355
Miscreated,0.504861111,0.65
Windosill,0.581428571,0.548571429
Ghost Exile,0.35,0.633333334
Shadow Man Remastered,0.479278711,0.515992064
Recettear: An Item Shop's Tale,0.583333333,0.65
Cossacks: Art of War,1,0.65625
Aurora - Cores Ocultas,0.62745098,0.659113191
Curtains,0.8,0.925
Desktop Dog,0.528950617,0.522160494
The Land of Eyas,0.438947348,0.625059814
Ken Follett's The Pillars of the Earth,0.681547619,0.401339286
Battle Brothers,0.444757576,0.540363637
Phantom Breaker: Omnia,0.625,0.4890625
Spirit and Katana,0.4,0.425
Natural Selection 2,0.19,0.57
Ball Game Playtest,1,0.8
Á¨¨‰∏ÉÂè∑ÂàóËΩ¶ - Train No. 7,0.7,0.625
Êó†‰∏ª‰πãÂú∞:Èì∂Ê≤≥ 4X-Galaxy,0.364109848,0.521543561
Spoko and Poko,0.514166667,0.515416667
"Creature Clicker - Capture, Train, Ascend!",0.402777778,0.534722222
Marvel Puzzle Quest,0.492522974,0.6196533
Lucy -The Eternity She Wished For-,0.68452381,0.421428572
MONSTER HUNTER RISE,0.454545455,0.568181818
DesktopMMD,0.509607297,0.447799938
M.EXE,0.383333333,0.55
ËµèÈáëÊ∏∏Êàè Playtest,0.3,0.65
Hacknet,0.441666667,0.55625
The Beggar's Ride,0.413844797,0.703527337
KumaKuma Manga Editor,0.5,0.75
BABYLON'S FALL,0.441666667,0.575
QuantZ,0.477272727,0.549715909
GET EVEN,0.329166667,0.604166667
DYO,0.417857143,0.536309524
Worms Ultimate Mayhem,0.558540373,0.61579969
Paw Patrol: On A Roll,0.675,0.3984375
KovaaK's,0.549444444,0.508611111
Worms Crazy Golf,0.525,0.4203125
Orbs,0.428571429,0.614285715
DiRT Showdown,0.375,0.4375
Idle Champions of the Forgotten Realms,0.166666667,0.583333333
Worms,0.473333333,0.508333334
Rush Bros,0.370486111,0.452777778
Worms Pinball,0.516515837,0.557126697
Tom Clancy's The Division,0.9,0.2
Mainframe Defenders,0.496047009,0.565117521
The Dweller,0.54375,0.384375
Orcs Must Die! 2,0.25,0.4375
80's OVERDRIVE,0.449450549,0.623626374
Beware Planet Earth,0.333333333,0.675
Wolfenstein: The New Order,0.75,0.9
Kynseed,0.4,0.3
OlliOlli2: Welcome to Olliwood,0.516081871,0.528143275
Á†¥Èü≥‰π±ÊñóOuch!War,0.6,0.5625
Blender,0.7,0.4875
Jurassic Park: The Game,0.482371795,0.528846154
Microsoft Flight Simulator,0.389409065,0.531853131
Neighbours back From Hell,0.616666667,0.308333334
Project CARS,0.392978896,0.533745942
Golf With Your Friends,0.6225,0.5421875
Cursed to Golf Demo,0.562962963,0.549074074
Assassin's Creed Revelations,0.431818182,0.600757576
Devolverland Expo,0.529564582,0.604351452
Skyrim Script Extender (SKSE),0.388888889,0.563095238
Cat Swap Tiles,0.554642857,0.528547619
RUINER,0.31031746,0.388095238
Projections,0.51,0.6
Immortal Redneck,0.95,0.5125
Diorama Battle of NINJA,0.420714286,0.546046798
Volume,0.2,0.6
Poker Night 2,0.710204082,0.529591837
Batman‚Ñ¢: Arkham Origins Blackgate - Deluxe Edition,0.4,0.55
Farm Frenzy 2,0.471875,0.4984375
Steel Hunters Alpha Test Playtest,0.613333333,0.585
Mages of Mystralia,0.725,0.579166667
Alien Hostage,0.335714286,0.553571429
Ichi,0.656503497,0.582552448
HROT,0.534666667,0.461666667
Kosmo Laika: Space and Beyond,0.35530303,0.565530303
Cradle of Rome,0.45,0.4
Cradle of Persia,0.482920291,0.580512042
Warstone TD,0.55,0.725
Driver Fusion,0.396648092,0.580165063
Tails of Iron,0.428888889,0.582222222
BOOBS SAGA: Prepare To Hentai Edition,0.492154357,0.62945275
Mini Healer,0.454545455,0.568181818
Road Redemption,0.8,0.75
Ghost Sweeper,0.457407407,0.57879051
TAIKU MANSION,0.558333333,0.625520834
Scream Collector,0.56922483,0.548987526
Timberman,0.696428571,0.514880953
‰∏úÊñπÊúâÈ°∂Â§©Ê¢¶,0.552481481,0.547611111
rFactor 2,0.494063508,0.531098896
b,0.477678571,0.500892857
Innocent Girl,0.366666667,0.325
Furry Love 2,0.445300884,0.546302994
Frosty Kiss,0.45,0.542708334
Sleeping Dogs‚Ñ¢,0.361222222,0.617138889
Marvin's Mittens,0.516666667,0.4625
Syberia 3,0.541987179,0.339583334
openCanvas 7,0.5,0.25
Cube Master,0.648717949,0.520192308
Baldur's Gate 3,0.966666667,0.3
SEARCH ALL - BERRIES,0.4,0.3
Battlecruisers,0.425,0.620833334
The Invisible Hand,0.425,0.6171875
Ranch Simulator,0.419824561,0.58245614
Sweet Lily Dreams,0.48,0.645
Amazing Cultivation Simulator,0.35,0.75
Fallout,0.533333333,0.591666667
Fallout 2,0.3875,0.46875
Jigsaw Novel - Public Toilet Sex,0.7,0.625
Infinifactory,0.4,0.6
Kingpin,0.28,0.475
12 orbits,0.467857143,0.571428572
This Means Warp Demo,0.618209877,0.406635803
Phoning Home,0.7,0.5625
FIGHT KNIGHT,0.389285714,0.535714286
Crazy Taxi,0.47,0.54
Iraq War,0.4,0.4
FINAL FANTASY XII THE ZODIAC AGE,0.561293385,0.584263452
iBomber Defense,0.587632275,0.504646164
NBA 2K Playgrounds 2,0.3,0.55
ECO HOLE,0.551776696,0.497086941
Sonic Adventure DX,0.593333333,0.591666667
Pixel Art Coloring Book,0.595790816,0.556696429
Space Channel 5: Part 2,0.605102041,0.577551021
Mastema: Out of Hell,0.4875,0.66875
Cossacks 3,0.526666667,0.585
5D Chess With Multiverse Time Travel,0.3,0.65
Aseprite,0.51391369,0.523028274
Monopoly Plus,0.558585859,0.404545455
Guilty Gear Isuka,0.590909091,0.431818182
Jigsaw Novel - Summer Threesome,0.343333333,0.71
My Newborn Life In A Harem,0.338095238,0.564285715
ChilloutVR,0.432575758,0.593939394
Gun Metal,0.427272727,0.534090909
ÊüêÊóÖË°åËÄÖÁöÑÂÅ∑ÊãçÁõ∏ÂÜå,0.3,0.59375
Train Sim World¬Æ 2020,0.335,0.53875
GAROU: MARK OF THE WOLVES,0.560037879,0.547964015
Coromon,0.503787879,0.590151515
METAL SLUG,0.616666667,0.5
Sonic Generations,0.407390873,0.534747024
Ion Fury,0.4,0.45
Nickelodeon All-Star Brawl,0.478571429,0.547619048
Hostile Waters: Antaeus Rising,0.561293385,0.584263452
Fling to the Finish,0.587632275,0.504646164
Siralim 2,0.416666667,0.575
The Beast Inside,0.4525,0.5525
Seasons after Fall,0.35,0.4625
BEEP,0.6,0.683333334
Prospekt,0.496243172,0.634417816
The Evil Within,0.4,0.525
Wingspan,0.575,0.665625
Substance 3D Painter 2022,0.4,0.45
NEKOPARA Vol. 1,0.566666667,0.541666667
Toki Tori,0.35,0.558333334
Vacation Simulator,0.427777778,0.577777778
City Game Studio,0.556822222,0.610338889
AirMech Wastelands,0.475288814,0.531473655
Behind Glass: Aquarium Simulator,0.575,0.7
Wildfire,0.288,0.456
Caves of Qud,0.5675,0.556875
Tower Tactics: Liberation,0.666666667,0.633333334
Prime World,0.513809524,0.699714286
Hell is Other Demons,0.362797619,0.444940476
WARNO,0.3,0.55
EDGE,0.3875,0.509375
Wallpaper Engine,0.4859375,0.56484375
Half-Life: Restored,0.583888889,0.633888889
Heat Signature,0.628,0.606
Lawn Mowing Simulator,0.492541678,0.570698628
Easy Cat Timer,0.460119048,0.583035715
Void Bastards,0.481818182,0.531818182
STAR WARS‚Ñ¢ Jedi Knight: Jedi Academy‚Ñ¢,0.6,0.533333334
XNemesis,0.541666667,0.474166667
World's Dawn,0.483333333,0.625
STAR WARS‚Ñ¢ Jedi Knight II: Jedi Outcast‚Ñ¢,0.6375,0.5125
Wandersong,0.53125,0.7125
Fiesta Online NA,0.5,0.533333334
"Star Wars: Battlefront 2 (Classic, 2005)",0.541666667,0.497916667
The Falling Sun,0.415,0.513333334
LineWay,0.492592593,0.565277778
Persona 5 Strikers,0.5,0.5625
Hellpoint,0.725,0.3125
Thrillville: Off the Rails,0.4,0.4875
METAL GEAR RISING: REVENGEANCE,0.45,0.625
BattleBit Remastered Playtest,0.233333333,0.579166667
Shank,0.328703704,0.464814815
Dynamite Jack,0.645238095,0.580952381
Arcade Moonlander,0.416666667,0.633333334
GODS Remastered,0.608,0.53
Puff Town,0.480023229,0.444606562
Zombie Army 4: Dead War,0.216666667,0.546875
aMAZE 2,0.505357143,0.536607143
Warhammer: End Times - Vermintide,0.5,0.616666667
Surviving Mars,0.358333333,0.504166667
Hex,0.354761905,0.536904762
Tangledeep,0.5,0.75
Mad Pack,0.45,0.525
Super Monkey Ball Banana Mania,0.421428571,0.598214286
Holobunnies: Pause Cafe,0.4,0.7
Audioship,0.508333333,0.454166667
Eastside Hockey Manager,1,0.6
FlatOut,0.527142857,0.686571429
Your Chronicle,0.411742424,0.532386364
Tom Clancy's Splinter Cell Blacklist,0.45,0.46875
Mad Mustache,0.9,0.7
Robert: Space Stories and Battles,0.466666667,0.454166667
Blade of Darkness,0.436111111,0.565277778
Between the Stars,0.3,0.516666667
The Planet Crafter,0.543339346,0.600629209
The Treasures of Montezuma 4,0.5,0.585227273
Nova Drift,0.457284903,0.588961039
Small World,0.6875,0.5125
Dirty Bomb,0.58,0.64
Medieval Engineers,0.501640212,0.536838625
Aura Kingdom,1,0.45
Levelhead,0.509259259,0.58449074
Â§ßÈÄÉ‰∫°‰∏ìÂÆ∂/Escape Expert,0.5,0.675
Until You Fall,0.9,0.1
Pool 2D - Poolians,0.337037037,0.506481482
If My Heart Had Wings -Flight Diary-,0.741666667,0.554166667
Adorables,0.538636364,0.585795455
Magebuster: Amorous Augury,0.8,0.7
8-Bit Hordes,0.453636364,0.459962121
RIFT,0.7,0.45
XCOM 2,0.35,0.607291667
Call of Duty: Black Ops II,0.251984127,0.492460318
Epic Battle Fantasy 5,0.303535354,0.577536731
The Anacrusis,0.205,0.523636364
FINAL FANTASY VII,0.572619048,0.541547619
Army Men RTS,1,0.75
Night Cascades,0.25,0.591666667
Call of Duty: Black Ops II - Multiplayer,0.405944742,0.523570633
FINAL FANTASY VIII,0.567777778,0.581051588
Worms Rumble,0.4125,0.55625
Dungeon Siege III,0.558928571,0.664880953
Shredders,0.58488456,0.481403319
Mutant Year Zero: Road to Eden,0.1,0.4
Phantom Abyss,0.5,0.56875
Lydia,0.65,0.696875
Audiosurf 2,0.375,0.525
STURMWIND EX,0.542857143,0.532142857
FINAL FANTASY XIV Online,0.50296875,0.489238281
Battle Battalions,0.465,0.445
Fury Unleashed,0.640972222,0.537847222
Chickenman,0.645512821,0.531089744
GWENT: The Witcher Card Game,0.7,0.425
Zup! Z,0.833333333,0.305555556
Serious Sam VR: The Last Hope,0.546296296,0.604166667
Coromon Demo,0.625,0.4625
Vampire: The Masquerade - Bloodhunt,0.440608466,0.584755291
ÁæÖÊñØ‰πãÊóÖ Roce's Journey,0.4,0.425
Alien Swarm: Reactive Drop,0.481371753,0.599594156
From The Depths,0.266666667,0.6
Spectrum,0.66489899,0.504545455
RPG Maker XP,0.603818726,0.595218542
Yesterday Origins,0.546323533,0.584374618
Fortified,1,1
Hitman: Absolution,0.4,0.575
Devil May Cry 3: Special Edition,0.166666667,0.583333333
Love wish,0.4,0.3
Tomb Raider,0.438464286,0.457375
Fine Sweeper,0.338888889,0.5125
Town of Salem,0.5,0.4875
NBA 2K22,0.46,0.55
Vernon's Legacy,0.404761905,0.579166667
Stumble Guys,0.388888889,0.477777778
Child vs Clowns,0.46,0.55
Regular Human Basketball,0.501666667,0.469166667
The Wandering Village Playtest,0.537051282,0.435833334
Call of Cthulhu,0.611552028,0.575529101
ORION: Prelude,0.537051282,0.435833334
And So It Was,0.380952381,0.521825397
Âíå‰Ω†Áõ∏ÈÅáÁöÑÈÇ£Â§©ÊòØËΩÆÂõûÈ´òÊ†°ÁöÑÊó•Â∏∏Ëøô‰πüÊòØÂêàÁêÜÁöÑÂêóÔºü,0.393333333,0.563333334
War Selection,0.407692308,0.496794872
High School of Memories,0.433333333,0.395833334
Concept Destruction,0.375925926,0.559722222
Universe Sandbox Legacy,0.405555556,0.539583334
Paranormal State: Poison Spring Collector's Edition,0.375,0.4375
America's Army: Proving Grounds,0.433333333,0.416666667
A New Beginning - Final Cut,0.583333333,0.660416667
EVGA Precision X1,0.433333333,0.416666667
Batman - The Telltale Series,0.354166667,0.452083334
Satellite Reign,0.411019284,0.430440772
Zombie Army Trilogy,0.433333333,0.416666667
Gothic 3,0.537037037,0.635185185
Dungeon Defenders II,0.299537037,0.531481482
The Myth Seekers 2: The Sunken City,0.481666667,0.5425
Truco,0.716666667,0.208333334
King's Bounty: Warriors of the North,0.525757576,0.565300325
Gothic II: Gold Classic,0.396825397,0.582804233
Idle Expanse,0.496969697,0.498484849
Day of Dragons,0.401388889,0.504166667
Painkiller: Black Edition,0.9,0.8
Cuphead,0.505555556,0.493055556
SpellForce: Platinum Edition,0.531492557,0.605995814
Starpoint Gemini 2,0.366666667,0.573333334
Cosmic Pioneer,0.470228257,0.603477962
Scalak,0.433333333,0.416666667
Jessika,0.65,0.6
WEED,0.537051282,0.435833334
Trolley Gold,0.611111111,0.380555556
Atari Vault,0.511449275,0.445978261
Scribble It!,0.633333333,0.566666667
Hentai Best Girls,0.537051282,0.435833334
Eternal Magic,0.537051282,0.435833334
ShareX,0.462962963,0.44212963
Castle: Never Judge a Book by its Cover,0.472435897,0.455681818
Commandos 2: Men of Courage,0.465873016,0.475501253
Dagon,0.469387755,0.457993198
The Dishwasher: Vampire Smile,0.458333333,0.395833334
My Strange Girlfriends,0.534722222,0.586805556
Hitman 2: Silent Assassin,0.507407407,0.418518519
Tribes of Midgard,0.412660455,0.4811853
Simp Simulator,0.489867424,0.524834281
Swords and Sandals Classic Collection,0.500807823,0.461458334
Hitman: Blood Money,0.472727273,0.462121212
Out of Space,0.557291667,0.4921875
Desktop Kanojo,0.5,0.425
SEARCH ALL - MUSHROOMS,0.452710623,0.512765568
Oil Invasion,0.456601732,0.534442641
AIRHEART,0.474074074,0.446296297
Hitman: Codename 47,0.485159285,0.479258936
Chaser,0.537051282,0.435833334
Deus Ex: Game of the Year Edition,0.503809524,0.541904762
My Time at Sandrock Demo,0.455555556,0.533333334
Soundpad,0.446666667,0.434166667
ELDERBORN,0.348809524,0.539404762
The Incredible Adventures of Van Helsing: Final Cut,0.463452381,0.488511905
A Short Hike,0.459038961,0.459536797
Okhlos: Omega,0.666666667,0.467708334
Arcadia,0.311111111,0.438888889
Thief: Deadly Shadows,0.36969697,0.461363637
Bud Spencer & Terence Hill - Slaps And Beans,0.537051282,0.435833334
Bubble People,0.599074074,0.526388889
Witcheye,0.537051282,0.435833334
Tomb Raider: Legend,0.476923077,0.476282052
Poly Bridge,0.378431373,0.482352941
War Thunder,0.458333333,0.395833334
112 Operator,0.46,0.55
Nation Red,0.214583333,0.503580729
Dragon's Dogma: Dark Arisen,0.508333333,0.579166667
DARK SOULS‚Ñ¢ II,0.214583333,0.503580729
Screencheat,0.614583333,0.554166667
Hero Siege,0.446595238,0.549817461
Hollow Knight,0.537051282,0.435833334
Catch It,0.416666667,0.445833334
PAC-MAN Championship Edition DX+,0.514309764,0.469044613
F1 Race Stars,0.518333333,0.506666667
Missile Tank,0.456666667,0.544444445
Starbound - Unstable,0.577777778,0.638888889
Fable III,0.344444444,0.455555556
Vaporum,0.7,0.325
The Shadowland,0.463888889,0.476851852
The Town of Light,0.706944444,0.610763889
oO,0.5,0.40625
Age of Empires Online,0.583333333,0.625
LOVE,0.75,0.75
Blade & Sorcery,0.4,0.3
Binary Domain,0.4,0.3
Retimed,0.777777778,0.608333334
DEATHLOOP,0.944444444,0.6875
Age of Empires¬Æ III (2007),0.708333333,0.754166667
Fishermurs,0.383333333,0.4
SpellForce 3: Fallen God,0.15,0.520833334
Crusader Kings II,0.483333333,0.32233429
MORDHAU,0.4,0.7
1931: Scheherazade at the Library of Pergamum,0.491666667,0.69375
Tiny Echo,0.555555556,0.658333334
ÁæéÂ∞ëÂπ¥Ê¢¶Â∑•ÂéÇ3ÔºöÈáçÁîü,0.65,0.75
Spearmint Goose,0.691666667,0.554166667
TrackMania United Forever,0.577777778,0.408333334
Panzer Knights,0.75,0.6875
House of 1000 Doors: The Palm of Zoroaster Collector's Edition,0.326136364,0.560795455
ÂèçÁé∞ÂÆûÁóáÂÄôÁæ§Œ≥ - Counterrealstic Syndrome Œ≥,0.516666667,0.53125
Monster Castle,1,0.8
The Vanishing of Ethan Carter Redux,0.326136364,0.560795455
Drowned Gems,0.435,0.5575
Controller Companion,0.75,0.529166667
Adventuring gentleman,0.733333333,0.716666667
Maneater,0.466666667,0.6
NeuroVoider,1,0.25
SpellForce 3: Versus Edition,0.591904762,0.661190476
Zero-K,0.781144781,0.647727273
Logistique,0.591666667,0.4125
Serious Sam Fusion 2017 (beta),0.604166667,0.483522728
Yoku's Island Express,0.4,0.425
PowerSlave Exhumed,0.25,0.375
Ultimate Racing 2D 2,0.4,0.3
Â∞ÅÁÅµÊ°£Ê°à,0.866666667,0.533333334
FINAL TAKE,0.406837607,0.369681491
Terraria,0.7,0.65
Supraland Six Inches Under Demo,0.6,0.3
The Elder Scrolls V: Skyrim,0.55,0.475
Blood Bowl 2,0.125,0.445833334
MorphVOX Pro 4 - Voice Changer,0.4,0.3
Supreme Commander 2,0.4,0.3
Adventure Time: Pirates of the Enchiridion,0.495835368,0.458357372
Eternal Card Game,0.2,0.55
Slime Rancher,0.6,0.85
EARTHLOCK,0.666666667,0.15
Yakuza 3 Remastered,0.8,0.7375
White Day: A Labyrinth Named School,0.75,0.75
8-Bit Invaders!,0.9,0.1
West of Loathing,0.485894825,0.542006838
Wuppo - Definitive Edition,0.5,0.8125
ANOTHER EDEN,1,0.25
Idling to Rule the Gods,0.5,0.75
Fable - The Lost Chapters,0.25,0.416666667
Iron Harvest,0.504166667,0.4725
Rebel Inc: Escalation,0.357142857,0.482142857
DUO,0.43,0.56
Back 4 Blood,0.4,0.3
Floating Point,0.0875,0.48125
Lorn's Lure Demo,0.578030303,0.536363637
Europa Universalis IV,0.64,0.65
Pharaoh + Cleopatra,0.65,0.675
Cities in Motion,0.33,0.4975
GUNGRAVE VR,0.493402778,0.560069445
Deceit,0.75,0.9
Max Payne 3,0.717777778,0.525714286
HITMAN‚Ñ¢,0.418181818,0.38939394
Marvel's Guardians of the Galaxy,0.214285714,0.464285715
Dex,1,0.25
SoulWorker,0.542316017,0.598447646
SoulWorker,0.5,0.575
200% Mixed Juice!,0.330519481,0.54935065
LEGO¬Æ Harry Potter: Years 5-7,0.464699074,0.534664352
Half-Life: A Place in the West,0.289583333,0.541666667
Two Worlds II,0.822222222,0.45
BADLAND: Game of the Year Edition,0.669333333,0.744333334
Rift's Cave,0.66875,0.378125
Risen,0.593333333,0.573333334
All Zombies Must Die!,0.575,0.6
Call to Arms - Gates of Hell: Ostfront,0.533333333,0.566666667
Dark Zone Defense,0.319047619,0.594047619
Transformice,0.3,0.53
Tumblestone,0.55,0.6078125
The Last Campfire,0.49609375,0.606380209
Ryse: Son of Rome,0.445,0.3775
Mysteria~Occult Shadows~,0.315567766,0.576785715
Secret Neighbor,0.825,0.625
Imperator: Rome,0.475,0.596875
Snapshot,0.517126984,0.591738095
A Legend of Luca,1,0.625
DARK SOULS‚Ñ¢ II: Scholar of the First Sin,1,0.3125
Hentai Dates,0.575,0.50625
AI War: Fleet Command,0.55,0.35
The Bridge,0.7,0.425
SD GUNDAM G GENERATION CROSS RAYS,0.466314935,0.573797687
DreadOut,0.492016807,0.401575631
Soda Dungeon,0.542460317,0.469246032
Wing Pro 7,0.5375,0.5375
Fembot Jigsaw,0.55,0.675
Warriors' Wrath,0.421969697,0.559545455
BioShock,0.45625,0.632291667
Treason Playtest,0.4,0.51875
Station Manager,0.425,0.568560606
Midnight Ghost Hunt - Beta Test,0.338787879,0.524943182
Awesomenauts,0.375,0.509090909
Rabi-Ribi,0.491666667,0.624509804
Nickelodeon Kart Racers 2: Grand Prix,0.415909091,0.454924243
Post Void,0.288888889,0.422222222
Budget Cuts,0.475379819,0.472295919
Cartel Tycoon,0.616666667,0.591666667
Granado Espada,0.548119854,0.471237586
Serious Sam 2,0.466666667,0.517708334
USA 2020,0.688888889,0.661111111
Mortal Kombat Komplete Edition,0.410416667,0.438541667
Polyball,0.342176871,0.393367347
AR-K,0.765306122,0.426190476
Grimoire: Manastorm,0.695833333,0.386527778
Castle Crashers,0.366666667,0.5875
Call to Arms,0.533333333,0.416666667
Ovrlay,0.392857143,0.477585566
Metro Exodus Enhanced Edition,0.305873016,0.51441799
Kingdom: Classic,0.543055556,0.638541667
Quake II RTX,0.3,0.55
Lamplight City,0.59,0.56375
Stubbs the Zombie in Rebel Without a Pulse,0.31976461,0.546915585
X-Plane 11,0.195833333,0.603571429
Northgard,0.458333333,0.560416667
ÊÉäÈô©ÊûÅÈÄü,0.9,1
Outward,0.944444444,0.6875
Holyday City: Reloaded,0.537777778,0.553333334
Call of Juarez Gunslinger,0.55,0.3
Treadnauts,0.383035714,0.571875
Rock Simulator,0.478623188,0.662898551
Z1 Battle Royale,0.606060606,0.618686869
Momodora III,0.517316017,0.654978355
The Pedestrian,0.2,0.425
CrossCode,0.552489177,0.612229437
The Walking Dead: The Telltale Definitive Series,0.713333333,0.3375
Super Blood Hockey,0.555555556,0.494949495
Ninja Stealth 4,0.339025974,0.518603896
GUILTY GEAR -STRIVE-,0.611111111,0.545833334
XIII,0.647222222,0.503472222
Life is Strange 2,0.604206349,0.563333334
Her Story,0.403846154,0.523076923
Neon Drive,0.394444444,0.611111111
Going Under,0.267857143,0.571428572
Machinarium,0.524655647,0.567183196
Elsword,0.666666667,0.15
Onimusha: Warlords,0.535714286,0.642857143
Call of Duty 4: Modern Warfare,0.500568182,0.530397728
Star Traders: Frontiers,0.458333333,0.620833334
The Darkside Detective,0.664814815,0.487037037
Vectronom,0.333333333,0.583333333
Space Station 14 Playtest,0.5,0.75
Shadow Empire,0.572051282,0.580641026
shapez.io,0.469369015,0.625708383
Through the Woods,0.503611111,0.565972222
Overcooked! 2,0.516666667,0.3625
DEAD OR ALIVE Xtreme Venus Vacation,0.65,0.6
LISA,0.6,0.625
BIOMUTANT,0.495,0.532222222
Tomb Raider: Anniversary,0.408055556,0.544675926
The Turing Test,0.48,0.49
Retro City Rampage‚Ñ¢ DX,0.54,0.55
Depression Quest,0.585714286,0.610714286
Super Meat Boy,0.577448397,0.55719697
Heal,0.5,0.67
Fire On Fight : Online Multiplayer Shooter Demo,0.769047619,0.627380953
Heileen 1: Sail Away,0.297222222,0.444444445
Yu-Gi-Oh!  Master Duel,0.6,0.4125
The Station,0.523333333,0.71
Phantasy Star Online 2 New Genesis,0.675,0.65
Duke Nukem 3D: 20th Anniversary World Tour,0.34537037,0.594444445
GUNDAM EVOLUTION Playtest,0.75,0.691666667
Kane & Lynch: Dead Men,0.333333333,0.4
Interplay Solitaire,0.4,0.6
Blade Strangers,0.405,0.395833334
Hot Brass,0.45,0.70625
Project CARS 3,0.629166667,0.54125
Mana Spark,0.9,0.6
BarnFinders,0.465873016,0.558946609
SEARCH ALL - CACTUSES,0.3875,0.49375
To Burn in Memory,0.3,0.55
Dream Of Mirror Online,0.55,0.675
Tomb Raider: Underworld,0.533333333,0.633333334
Borderlands GOTY Enhanced,0.642962963,0.568333334
SNK HEROINES Tag Team Frenzy,0.314285714,0.651190476
100 hidden cats 2,0.482222222,0.600555556
Mr. Prepper,0.1,0.45
LET IT DIE,0.535714286,0.642857143
Timespinner,0.775,0.429166667
Stronghold HD,0.5375,0.31875
The Jackbox Party Pack 3,0.516081871,0.574232456
Waves of Steel,0.424489796,0.589795919
Just Cause 2,0.359920635,0.541269842
Girls Overboard Demo,0.454329004,0.519399351
Stronghold 2,0.675,0.5
Stronghold Crusader HD,0.438425926,0.574151234
Stronghold Legends,0.285557053,0.548674753
R.I.P.D.: The Game,0.2,0.6
‰∫∫Ê†ºÈù¢ÂÖ∑ÔºöÈô∞ÂΩ±Èù¢Á©ç,0.5,0.62
Mafia,0.8,0.83125
Lambda Wars,0.4,0.6
Albion Online,0.46683151,0.613101501
Serious Sam HD: The First Encounter,0.623649425,0.561091954
Valheim,0.480555556,0.379166666
Slasher's Keep,0.5,0.25
Serious Sam HD: The Second Encounter,0.493216952,0.544286891
BROKE PROTOCOL: Online City RPG,0.333333333,0.583333333
DuckTales Remastered,0.5125,0.625
Void Marauders,0.484920635,0.58015873
Sins of a Solar Empire: Rebellion,0.733333333,0.716666667
Serious Sam Classic: The Second Encounter,0.565277778,0.541666667
The Beginner's Guide,0.733333333,0.333333334
Berserk Boy Playtest,0.6,0.583333333
Robot Roller-Derby Disco Dodgeball,0.55,0.675
Toilet Flushing Simulator,0.512770563,0.568849207
Idle Monster TD,0.435923408,0.543296808
Apocalypse: Party's Over,0.433333333,0.39375
The Norwood Suite,0.330851064,0.568439717
VEGAS Movie Studio 17 Steam Edition,0.533849862,0.535621664
Clue/Cluedo: The Classic Mystery Game,0.454949495,0.535909091
OZMAFIA!!,0.285515873,0.479265873
Wolfenstein: Youngblood,0.279814815,0.505648148
BPM: BULLETS PER MINUTE,0.51,0.345
The House in Fata Morgana,0.46156746,0.589950397
Geometry Wars: Retro Evolved,0.429645406,0.581463637
Yet Another Zombie Defense,1,0
School Trip,0.533849862,0.535621664
Unavowed,0.544444444,0.586111111
POSTAL Redux,0.533849862,0.535621664
Mage's Initiation: Reign of the Elements,0.6,0.375
Dyna Bomb,0.442702843,0.556476308
Dreamfall Chapters,0.447447199,0.61021809
Dishonored,0.522878788,0.571287879
Sexy Airlines,0.45495503,0.555054138
EVE Online,0.492467532,0.585584416
SimAirport,0.453719879,0.557921025
Otem's Defiance,0.501316031,0.532391492
Ori and the Will of the Wisps,0.655555556,0.558333334
Mr.DomusMundi,0.401556744,0.600246584
Altitude,0.318181818,0.606060606
Little Nightmares II,0.471944756,0.515788284
Transistor,0.475708995,0.584520172
Afterparty,0.429081633,0.598214286
Second Extinction‚Ñ¢,0.3,0.45
UFO: Afterlight,0.697222222,0.55625
SMASH LEGENDS,0.414772727,0.603882576
RACE 07,0.596568627,0.540980392
The Banner Saga,0.294642857,0.575099207
Capcom Arcade Stadium,1,0.2
Hell Yeah!,0.737777778,0.69
Memory Novel - Girls Night Out,0.441602067,0.567619509
Deus Ex: Human Revolution - Director's Cut,0.476222134,0.519028477
The Henry Stickmin Collection,0.470977011,0.552586207
ÂºÇÂåñ‰πãÊÅ∂„ÄáAbnormal Treatment,0.466666667,0.616666667
GTR Evolution,0.454444444,0.552142857
Healer's Quest,0.498861356,0.573243228
Friday the 13th: Killer Puzzle,0.486957787,0.53520422
Neurodeck,0.365,0.445
UNDER the WATER,0.522794118,0.51004902
Hidden in Plain Sight,0.474376596,0.561291747
Lamia's Game Room,0.408493667,0.56470325
Car Mechanic Simulator 2014,0.499006734,0.578106061
Sniper Elite 3,0.633333333,0.583333333
PixageFX,0.481944444,0.425694445
Last Group Out,0.404844334,0.533884392
Huntdown,0.47264367,0.561360774
Torchlight,0.358655754,0.479501488
American Truck Simulator,0.777777778,0.694444445
Rogue Legacy 2,0.544444444,0.491666667
Smart Factory Tycoon: Beginnings,0.392223008,0.56560231
Mortal Kombat Kollection,0.434112669,0.544976122
Rogue Tower,0.251683502,0.459511785
Mini Wars,0.418950617,0.530339506
Blackout Z: Slaughterhouse Edition,0.45047619,0.528888889
Worms World Party Remastered,0.261444025,0.544940476
CreativeDestruction,0.47,0.525
SEARCH ALL - SPIDERS,0.6,0.75
Bastion,0.6375,0.53125
Sid Meier's Civilization IV: Beyond the Sword,0.554578393,0.540907547
Lunacid,0.373837662,0.528392316
The Guest,0.398483363,0.611706774
AppGameKit Studio,0.517477406,0.592314594
Rewrite+,0.483544461,0.586261178
NORCO,0.499074074,0.531018519
Roman's Christmas / ÁΩóÊõºÂú£ËØûÊé¢Ê°àÈõÜ,0.517921147,0.438351255
Hentai Maido,0.633333333,0.516666667
BioShock Infinite,0.500555556,0.556666667
Kosmo Laika: Guide to Space,0.431493506,0.622138799
The Vagrant,0.352217554,0.562873483
STAR WARS‚Ñ¢: The Old Republic‚Ñ¢,0.440909091,0.489772728
Pinball Arcade,0.47,0.82
The Witcher Adventure Game,0.362820513,0.546474359
Space Pirates and Zombies,0.4,0.7
Shakedown: Hawaii,0.50229828,0.568394511
FlatOut 4: Total Insanity,0.4,0.3
Devil May Cry HD Collection,0.55501998,0.512708125
Motorcycle Club,0.5,0.4375
Factory Town,0.375,0.4375
Point Perfect,0.441666667,0.510416667
Ship Graveyard Simulator,0.83,0.62
Sid Meier's Civilization V,0.408035714,0.509778912
S.T.A.L.K.E.R.: Call of Pripyat,0.387592593,0.517268519
100 hidden snails 2,0.51875,0.49375
Bless Unleashed,0.553174603,0.591269842
Last Heroes 2,0.584786118,0.627562551
Hentai 3018,0.52875,0.538125
Project Warlock,0.590909091,0.606818182
Outlast,0.591666667,0.583333333
Ion Assault,0.561458333,0.5578125
WAIFU IMPACT,0.561805556,0.552777778
Roomie Romance,0.775,0.6
Cargo! - The quest for gravity,0.575,0.4
Whispers of a Machine,0.612280702,0.473135965
Borderlands GOTY,0.529924242,0.542613637
Mark of the Ninja: Remastered,0.49236346,0.586314626
Carcassonne: The Official Board Game,0.55043771,0.56239899
Magicka 2,0.423905724,0.605113637
Cthulhu Saves the World ,0.496896064,0.536393781
Return to Castle Wolfenstein,0.7,0.492857143
Zup!,0.416666667,0.482142857
Love Letter,0.550242003,0.482275884
Idle Wizard,0.50978836,0.538392857
Gratuitous Space Battles,0.536995885,0.630370371
Idle TD: Heroes vs Zombies,0.475,0.47
The Testament of Sherlock Holmes,0.616666667,0.545138889
Contagion,0.502777778,0.608333334
Splody,0.67,0.52
Swords of Legends Online,0.505204518,0.50652091
BattleBlock Theater,0.524494949,0.580555556
Propnight,0.432355442,0.458227041
Sumotori Dreams Classic Demo,0.48125,0.4546875
Viral Cry,0.44781265,0.54555255
EverQuest Free-to-Play,0.580113636,0.530965909
Arma 3,0.646428571,0.696428572
:THE LONGING:,0.532142857,0.707142857
ArcheAge,0.483333333,0.633333334
Battle Grounds III,0.293197279,0.579931973
Across the Obelisk,0.441375291,0.61520979
The Bard's Tale,0.518100358,0.507795699
The Search,0.57,0.54
Mashinky,0.711111111,0.566666667
Trove,1,1
HAWKEN,0.6625,0.4375
The Coin Game,0.491071429,0.465178571
Divinity: Original Sin 2,0.606296296,0.608888889
Telling Lies,0.475,0.478645834
Hyperdrive Massacre,0.515277778,0.581770834
Pixplode,0.543912338,0.556155303
Dota 2 Test,0.533333333,0.525
Amnesia Fortnight,0.5375,0.575
RAGE,0.556944444,0.511458334
Out of the Park Baseball 17,0.58287037,0.518981482
Aim Climb,0.526474575,0.579758698
Wolfenstein: Youngblood Deutsche Version,0.413333333,0.541060606
Fantasy Blacksmith,0.425260724,0.577037215
Gelu,0.472222222,0.583333333
MONMUSU,0.661111111,0.563888889
ÊàòÈ≠ÇÈì≠‰∫∫ Demo,0.6975,0.61375
ÂóúË°ÄÂç∞ Bloody Spell,0.654444444,0.525555556
Glamor & Girls,0.384027778,0.511111111
Seventh Lair,0.458333333,0.583333333
YUR,0.464781746,0.514186508
Death's Door,0.3625,0.5625
Granblue Fantasy: Versus,0.6,0.591666667
Arcanum,0.425,0.45
Cute BAR,1,0.125
Waves,0.497058824,0.545745799
Knockout City‚Ñ¢ Trial,0.438888889,0.46875
"Warhammer 40,000: Dawn of War - Winter Assault",0.533655754,0.58999876
Draw & Guess,0.6125,0.50625
POSTAL The Movie,0.598148148,0.55
Graveyard Keeper,0.475240385,0.54375
Bad Lady,0.488888889,0.577777778
Deus Ex: Mankind Divided‚Ñ¢,0.546190476,0.457857143
Hitman: Sniper Challenge,0.594246032,0.496329365
Resident Evil,0.463888889,0.478174603
Jet Set Radio,0.375,0.508333334
Supreme Commander,0.5475,0.6325
Lead and Gold - Gangs of the Wild West,0.691111111,0.569444445
Citystate II,0.525,0.55
The Exorcist: Legion VR (Deluxe Edition),0.527083333,0.669791667
Hamilton's Great Adventure,0.582362869,0.571693038
Double Fine Adventure,0.319345238,0.572247024
Might & Magic X - Legacy ,0.825,0.625
DYNASTY WARRIORS 9,0.6,0.522222222
Hidden Folks,0.40952381,0.583184524
Supreme Commander: Forged Alliance,0.5,0.75
Aqua Fish,0.28,0.52
Grand Theft Auto V,0.46515873,0.506468254
"Warhammer 40,000: Dawn of War - Soulstorm",0.441805556,0.54249008
Endangered,0.4,0.535887097
Frontlines: Fuel of War,0.517729592,0.57230017
The Last Stand Legacy Collection,0.725,0.4375
Sentinels of the Multiverse,0.393444651,0.608642548
For Honor,0.544306157,0.513385342
Saints Row 2,0.224775225,0.510822511
Idle Bouncer,0.443970588,0.502808123
Osiris: New Dawn,0.495436508,0.585379465
Citadels,0.489639992,0.60552338
Rochard,0.513314889,0.564326794
Humanity Asset,0.645454545,0.631818182
Hexcells Infinite,0.405555556,0.587731482
Fighters Unleashed,0.501960784,0.604264706
INSIDE,0.467420635,0.533809524
This Is the President,0.501748971,0.617335391
Tales of the Neon Sea,0.358922559,0.524579125
"Gremlins, Inc.",0.437142857,0.691696429
Starbound Dedicated Server,0.429963006,0.599201623
The Final Station,0.56031746,0.519047619
Dicey Dungeons,0.460119048,0.505952381
Multimirror,0.55462963,0.528240741
Path of Exile,0.45,0.5875
Clock Simulator,0.526190476,0.560389611
Reality Mixer - Mixed Reality for Vive and Index,0.627222222,0.577777778
Dread Hunger,0.473111658,0.450841544
Coffee Shop Tycoon,0.553333333,0.525
Dungeon Lords Steam Edition,0.293055556,0.477083334
Agents of Mayhem,0.471779249,0.537970498
Crusaders of the Lost Idols,0.579990842,0.65187729
Offroad Mania,0.44,0.6
Gotham Knights Playtest,0.396503497,0.534090909
Pixel Puzzles Traditional Jigsaws,0.577380952,0.613690476
Weapon Shop Fantasy,0.526174004,0.600390087
Paint the Town Red,0.541555556,0.579888889
Axis Football 2015,0.4,0.35
"Papers, Please",0.41969697,0.473484849
Curse of the Dead Gods,0.597544643,0.541741072
Bauer,0.371025641,0.513605769
Finding Paradise,0.396104297,0.550082973
CITYCONOMY: Service for your City,0.407148456,0.543919991
Flywrench,0.493028274,0.533552828
Card City Nights,0.65625,0.578125
Session: Skate Sim,0.397222222,0.605555556
Hammerwatch,1,0.8
Nice Way,0.6,0.55
Archipelago,0.578205128,0.421367522
Hobo: Tough Life,0.624025974,0.510191198
Art of Beauties,0.485772407,0.547664142
Demeo,0.640625,0.503125
Detroit: Become Human,0.8,0.6
Karos,0.469735874,0.478855962
Ghost Files: The Face of Guilt,0.474638508,0.488542802
Final Fantasy III (3D Remake),0.451777778,0.534416667
Mega Man X DiVE,0.5,0.625
Dying Light,0.5875,0.56875
Osteya,0.496329365,0.50734127
Accounting+,0.593372294,0.529262987
Risk of Rain 2,0.633333333,0.7
Princess Farmer,0.5,0.75
Nyasha Land of Elves,0.442391304,0.548550725
Movavi Video Editor Plus 2021,0.583333333,0.55
A Date in the Park,0.6,0.8125
What Remains of Edith Finch,0.521723509,0.497986379
Five Dates,0.944444444,0.375
Thief,0.530454545,0.633901515
Lost Words: Beyond the Page,0.560332256,0.537062813
Balls!ü§¨üçÜ,0.437037037,0.537962963
Battle Realms: Zen Edition,0.428508772,0.630921053
Zombie Vikings,0.578205128,0.421367522
Saints Row IV,0.42046131,0.515438988
Idle Slayer,0.530952381,0.604464286
Bloons TD 6,0.468109668,0.640692641
Dark Elf,0.492592593,0.526967593
Amnesia: A Machine for Pigs,0.725,0.5375
Hero and Daughter+,0.3375,0.45625
Hood: Outlaws & Legends,0.555555556,0.397222222
Aliens: Fireteam Elite,0.5,0.625
Yakuza Kiwami 2,0.578205128,0.421367522
Disco Elysium,0.410599163,0.509268708
Patrick's Parabox Demo,0.334404762,0.580119048
AirMech Strike,0.575,0.7125
Ticket to Ride,0.296166667,0.50675
DJMAX RESPECT V,0.412249827,0.5646049
Star Trek Online,0.648,0.456
THE GAME OF LIFE ,0.625320513,0.583733975
LEGO¬Æ DC Super-Villains,0.551816239,0.532131411
Call of Duty: Modern Warfare 3,0.269230769,0.461538462
Call of Duty: Modern Warfare 3 - Multiplayer,0.604807692,0.502884616
All Our Asias,0.259615385,0.418269231
Crisis in the Kremlin,0.531766382,0.570726496
Call of Duty: Black Ops,0.40372288,0.607458087
Stream Avatars,0.520914225,0.564674527
Call of Duty: Black Ops - Multiplayer,0.323846154,0.487307693
Sex Lesson,0.269230769,0.451923077
Movavi Video Suite 2021 Steam Edition,0.559570388,0.570082971
NVIDIA¬Æ VR Funhouse,0.587399455,0.570991242
Fret Smasher Playtest,0.334615385,0.380769231
Battlefield‚Ñ¢ 2042,0.382115385,0.544903846
Spelunky,0.542399767,0.583721931
ÂëäÊ≠ªÂ§©‰Ωø‰πãË®Ä - Death angel,0.498751249,0.568081918
Call of Duty: Modern Warfare 3 - Dedicated Server,0.537271062,0.507005495
‰ø†‰πãÈÅì(PathOfWuxia),0.628685897,0.587419872
Retro Machina: Nucleonics,0.505952484,0.571160363
Planet RIX-13,0.491987179,0.464812271
Unturned,0.269230769,0.461538462
Pixel Galaxy,0.404064525,0.491313868
8-Bit Bayonetta,0.592307692,0.552884616
click to ten,0.534188034,0.428846154
Lossless Scaling,0.427482702,0.500986976
Rail Route,0.504469373,0.593202458
Gun Monkeys,0.466923077,0.499278846
iBomber Defense Pacific,0.509615385,0.680769231
Pure Farming 2018,0.482090098,0.515488014
Call of Duty: World at War,0.341025641,0.579059829
Dying Light 2,0.363389423,0.503585737
Gary Grigsby's War in the East,0.442307692,0.627884616
Super Auto Pets,0.620833333,0.66875
Put In - Run Out,0.470919821,0.460673586
TimeShift,0.629990842,0.677815934
Orb of Creation,0.269230769,0.461538462
Magicka,0.572649573,0.642200855
My Singing Monsters,0.441540751,0.560891713
NEEDY GIRL OVERDOSE,0.488343179,0.565074419
Cyberpunk 2077,0.530706991,0.545570885
FIST OF AWESOME,0.332202686,0.597435898
Dead Estate,0.383127798,0.538149166
Governor of Poker 3,0.269230769,0.461538462
DON'T touch the walls,0.367307692,0.527884616
Call of Duty: Modern Warfare 2,0.461778846,0.578004807
ARCADE GAME SERIES: DIG DUG,0.56824311,0.521337359
HUMANKIND‚Ñ¢,0.547679463,0.509174638
Call of Duty: Modern Warfare 2 - Multiplayer,0.269230769,0.461538462
Victoria II,0.378205128,0.493589744
Littlewood,0.284615385,0.530769231
ARCADE GAME SERIES: GALAGA,0.134615385,0.480769231
Soundpad Demo,0.503380959,0.556633471
Postal 3,0.355982906,0.554700855
Wildermyth,0.393808115,0.517188341
DOG GONE GOLFING,0.501153846,0.621858975
Cube,0.401532291,0.548606541
True or False Universe,0.401532291,0.548606541
Elendia Ceus,0.317307692,0.427884616
The Sims‚Ñ¢ 4,0.529170437,0.489134616
Spin Rhythm XD,0.518068737,0.538398061
Guacamelee! 2,0.544002282,0.570836187
Last Heroes,0.26986162,0.559350835
Need for Speed‚Ñ¢ Heat ,0.343223443,0.551648352
The Coma: Recut,1,0.125
Dragon Age‚Ñ¢ Inquisition,0.452881008,0.540802347
A Way Out,0.502023017,0.523947235
Project Zomboid,0.384615385,0.605769231
Valfaris,0.492877493,0.56517094
Steam Dev Days,0.486421911,0.41177739
STAR WARS‚Ñ¢: Squadrons,0.40754312,0.50175631
Belko VR: An Escape Room Experiment,0.299626068,0.516372863
Impulse!,0.422234266,0.586342075
Nebuchadnezzar,0.311965812,0.570512821
Metro 2033,0.383261346,0.492189428
Cooking Companions: Appetizer Edition,0.184615385,0.480769231
Battle Islands,0.577535428,0.544225019
Car Mechanic Simulator 2021,0.411080586,0.51771978
NARUTO SHIPPUDEN: Ultimate Ninja STORM Revolution,0.332509158,0.464148352
Hentai Girl Linda,0.472882353,0.526576816
Alien Spidy,0.423076923,0.32051282
Metro: Last Light,0.484615385,0.380769231
Alan Wake,0.362321937,0.535309829
Prison Run and Gun,0.223076923,0.500641026
Bang Bang Racing,0.520416367,0.560535649
Creepy Tale 2,0.589385429,0.542244353
One Step From Eden,0.338461538,0.612362638
The Haunted: Hells Reach,0.397457265,0.43633547
Dishonored 2,0.538104505,0.558508382
Marble Duel,0.566062937,0.433287005
Game Dev Tycoon,0.356410256,0.457128982
WWE 2K22,0.617307692,0.552884616
Phantasmagoria 2,0.467307692,0.677884616
Pro Soccer Online,0.448072034,0.537593822
Big Ambitions Playtest,0.538813739,0.568812904
Kathy Rain,0.538247863,0.526513533
Blue Estate,0.563141026,0.615384616
Phantasmagoria,0.400813008,0.573882114
Serious Sam's Bogus Detour,0.650624589,0.496036176
Relic Hunters Legend,0.489317766,0.546498398
Crysis 2 Maximum Edition,0.547380675,0.496851565
Total War: EMPIRE - Definitive Edition,0.440536287,0.490112936
Just Act Natural,0.415277778,0.354861111
OlliOlli World,0.69047619,0.482142857
GabeN: The Final Decision,0.4,0.3
City of Gangsters,0.111111111,0.494444445
SpeedRunners,0.47718254,0.38452381
Line of Sight,0.45,0.6125
Indecent Details - Find the Difference,0.490625,0.484375
Hamster,0.4,0.3
Bitburner,0.333333333,0.483333334
Danganronpa V3: Killing Harmony,0.833333333,0.2
Crash Bandicoot‚Ñ¢ N. Sane Trilogy,0.5,0.65
Tony Hawk's Pro Skater HD,0.36,0.385
New Year Girls,0.2,0.6
Ding Dong XL,0.9,0.9
WARSAW,0.8,0.4
3D Arcade Fishing,0.45,0.353125
Fly Corp Demo,0.333333333,0.625
DollKart,0.65,0.675
Heavy Rain,0.435405983,0.542788462
NARUTO TO BORUTO: SHINOBI STRIKER,0.5,0.75
Ignited Steel,0.475952381,0.485722789
Hentai Jigsaw Photo Studio: Fruit Girls 2,0.537896825,0.552976191
Doki Doki Literature Club,0.575,0.6375
Naked Story,0.335,0.5075
Shark Dating Simulator XL+,0.345833333,0.627083334
Deadside,0.497685185,0.486574074
Aegis Defenders,0.7,0.760714286
The Long Dark,0.45,0.5125
Beyond: Two Souls,0.2,0.6
Satellite Repairman,0.4,0.55
Dungelot : Shattered Lands,0.50530303,0.481767677
The Wonderful 101: Remastered,0.65,0.675
eXceed - Gun Bullet Children,0.2,0.55
Remothered: Tormented Fathers,0.9,0.9
eXceed 2nd - Vampire REX,0.466666667,0.516666667
My Time At Portia,0.502323533,0.576251184
eXceed 3rd - Jade Penetrate Black Package,0.3,0.6
Portal Reloaded,0.433333333,0.616666667
Duke Nukem 2,0.515972222,0.352430556
DEATH STRANDING,0.566414141,0.510984849
Knightfall: A Daring Journey,0.166666667,0.516666667
Legion TD 2,0.6,0.675
1976 Demo,0.64284632,0.533468615
Trouble In The Manor,0.566666667,0.531666667
FINAL FANTASY VIII - REMASTERED,0.2,0.65
Redactem,0.4,0.675
Rayman Origins,0.426666667,0.492638889
Santa Rockstar Steam Edition,0.391517857,0.524479167
Star Trek Timelines,0.497478992,0.459313726
Predecessor,0.1,0.525
Flix The Flea,0.1625,0.525
Domina,0.433333333,0.563333334
Counter-Strike Nexon: Studio,0.43,0.35
Monsters' Den: Godfall,0.42,0.510416667
Headsnatchers,0.425,0.575
ACE COMBAT‚Ñ¢ 7: SKIES UNKNOWN,0.333333333,0.625
World War Z: Aftermath,0.74375,0.609375
The Walking Dead,1,0.25
GUILTY GEAR 2 -OVERTURE-,0.498046398,0.508287546
TrackMania Nations Forever,0.694444444,0.625
WITCH-BOT MEGLILO,0.2,0.616666667
Sherlock Holmes: Nemesis,0.456349206,0.658730159
Fell Seal: Arbiter's Mark,0.501839827,0.649188312
Hyperbolica,0.633333333,0.616666667
Dracula: Origin,0.427777778,0.452777778
Gunnheim,0.566666667,0.483333334
AVSEQ,0.333333333,0.625
Genital Jousting,0.3325,0.572916667
Bounty Train,0.562962963,0.47962963
MOAI 3: Trade Mission Collector's Edition,0.2,0.6
WWE 2K15,0.4,0.55
F1 2019,0.420424242,0.568013637
Seven Kingdoms 2 HD,0.436594203,0.636956522
Tap Heroes,0.564285714,0.423214286
The Messenger,0.427915952,0.574747815
Project Wingman,0.600757576,0.554545455
Sherlock Holmes: The Awakened - Remastered,0.636212121,0.498863637
Hollow's Land,0.475,0.528333334
Iron Lung,0.5,0.775
Lobotomy Corporation,0.570833333,0.7296875
The Gardens Between,0.512692308,0.549903846
Monster Crown,0.576664371,0.602556818
Crysis Remastered,0.45045825,0.566633517
Evolve Stage 2,0.618571429,0.544285715
Far Cry Primal,0.6,0.85
The Elder Scrolls Online,0.85,0.725
NEKOPALIVE,0.7,0.35
VoiceAttack Demo,0.933333333,0.854166667
CreatorCrate,0.590227273,0.607159091
Forza Horizon 5,0.505555556,0.506018519
Pictopix,0.775,0.65
No More Heroes,0.356547619,0.563816392
Neverwinter,0.544494949,0.492904041
MOAI: Build Your Dream,0.4,0.3
Devious Dungeon 2,0.63125,0.58125
Nex Machina,0.548932677,0.475164204
Devil May Cry 5,0.448595849,0.576098901
Colormeleons,0.4,0.50625
Getting Over It with Bennett Foddy,0.425,0.7
A Sinful Camp,0.355882353,0.550367647
Helltaker,0.4125,0.575
ÂàùÊÅãÊó•ËÆ∞,0.508676046,0.582941364
The Tower of Five Hearts,0.605952381,0.427976191
Vikings - Wolves of Midgard,0.661111111,0.283333334
Battle Bands,0.558333333,0.4875
Hot Squat 2: New Glory,0.4,0.4
Not Dying Today,0.2,0.35
tERRORbane,0.427203065,0.454286399
The Political Machine 2016,0.166666667,0.489583334
HoPiKo,0.521329365,0.608938492
"Calm Down, Stalin",0.566028708,0.529839358
Crusader Kings III,0.54,0.505
Galcon Fusion,0.566028708,0.529839358
The Niflhel Day,0.566028708,0.529839358
Depixtion,0.566028708,0.529839358
DayZ Tools,0.5,0.775
Inscryption,0.566028708,0.529839358
Godfall,0.566028708,0.528194621
Rocketbirds 2 Evolution,0.566028708,0.529839358
Hob,0.566028708,0.529839358
UNO,0.554299754,0.534024206
Library Of Ruina,0.431818182,0.585227273
Picross Bonbon - Nonogram,0.349418605,0.492102713
Crystals of Time,0.459615385,0.51875
Bit Heroes,0.523952991,0.553125
Swag and Sorcery,0.35,0.48046875
Hot And Lovely 2,0.4375,0.4375
Event[0],0.494190476,0.62052381
Dead Synchronicity: Tomorrow Comes Today,0.50821256,0.570531401
Wasteland 2: Director's Cut,0.466,0.4525
Barony,0.406907242,0.532781498
‰∏úÊñπÂÜ∞‰πãÂãáËÄÖËÆ∞ÔºöÂ∫èÁ´†,0.444126149,0.52996909
ENDLESS‚Ñ¢ Space - Definitive Edition,0.459583333,0.547291667
Superflight,0.618154762,0.53452381
SimCasino,1,0.1875
Nightmare Reaper Demo,0.605952381,0.427976191
Tree of Savior (English Ver.),0.518672014,0.609001783
Seek Girl ‚Ö¢,0.766666667,0.417708334
Operation Flashpoint: Red River,0.571666667,0.655833334
Godot Engine,0.645,0.49
HITMAN‚Ñ¢ 2,0.556182796,0.594489248
GRID 2,0.605952381,0.427976191
GoNNER,0.548148148,0.563131313
DOOM 3: BFG Edition,0.407723596,0.533914931
Extreme Roads USA,0.366666667,0.5125
The Evil Within 2,0.428055556,0.463888889
Dragon Nest,0.210714286,0.505357143
Boundary: Benchmark,0.6,0.45
Êù±ÊñπÊñáËä±Â∏ñ ÔΩû Shoot the Bullet.,0.497619048,0.596428572
Game Tycoon 1.5,0.65,0.675
HuGe,0.499074074,0.609953704
Two Point Hospital,0.367307692,0.504839744
State of Mind,0.153571429,0.507142857
Endless Fables 2: Frozen Path,0.535411255,0.427655123
Hidden Farm Top-Down 3D,0.6125,0.575
Resident Evil 0,0.549082201,0.598716849
Yu-Gi-Oh! Duel Links,0.379783951,0.554265873
Âú£Â•≥ÊàòÊóó Banner of the Maid,0.493809524,0.532261905
Deduction,0.606730769,0.534375
Blossoms Bloom Brightest,0.449631219,0.531426003
Roadclub: League Racing,0.461501623,0.512363366
Bean Battles,0.475,0.604166667
Legend of Himari,0.441447368,0.560745614
Ultimate General: Gettysburg,0.455291005,0.466203704
FreeStyleFootball,0.304487179,0.535416667
Lexica,0.525,0.3625
Fake Lay,0.604166667,0.421875
Super Star,0.402295918,0.458163265
Iron Fisticle,0.50469494,0.552630209
VRoid Studio,0.95,0.9
Nightmare Puppeteer,0.653535354,0.491666667
Obduction,0.491666667,0.425
CrocoMars,0.597691198,0.544805195
Siralim Ultimate,0.438333333,0.597083334
Grounded,0.497438672,0.568859045
LOST ORBIT: Terminal Velocity,0.410997732,0.468537415
Horizon's Gate,0.38622449,0.564158164
The Land of Pain,0.43422619,0.590401786
BarnFinders Demo,0.426515152,0.438906927
Sherlock Holmes: Crimes and Punishments,0.335972222,0.507847222
F1 2012,0.307792208,0.506168831
Ember,0.460675204,0.551257366
Slipstream,0.321428571,0.625
Tricky Towers,0.469642857,0.513988095
Hentai Milf Quiz 3,0.485714286,0.535714286
The Great Ace Attorney Chronicles,0.544378307,0.515740741
STAR WARS‚Ñ¢ Knights of the Old Republic‚Ñ¢ II: The Sith Lords‚Ñ¢,0.616666667,0.508333334
AGAINST,0.764583333,0.51875
Ancestors: The Humankind Odyssey ,0.5125,0.536458334
Shantae and the Seven Sirens,0.5125,0.403125
Saint Emiliana,0.505555556,0.551909722
Conscious Existence - A Journey Within,0.585714286,0.525
Rambo The Video Game,0.386111111,0.515277778
Paperbound,0.4,0.3
Griftlands,0.558333333,0.495833334
Madden NFL 22,0.311877828,0.540441177
Dark Strokes: The Legend of the Snow Kingdom Collector‚Äôs Edition,0.464365079,0.524256855
Hotline Miami 2: Wrong Number,0.471969697,0.567045455
Ni no Kuni Wrath of the White Witch‚Ñ¢ Remastered,0.358333333,0.475
CastleStorm,0.470075758,0.616761364
Heroes & Legends: Conquerors of Kolhar,0.355555556,0.495370371
911 Operator,0.418333333,0.487361111
Batman‚Ñ¢: Arkham Knight,0.401515152,0.421590909
GROOVY,0.537708333,0.483723959
Broforce,0.425,0.426785715
PowerWash Simulator,0.3,0.4625
Shakes and Fidget,0.494869529,0.654640152
Duck Season,1,0.21875
Intravenous,0.438197715,0.51448767
SUPER DRAGON BALL HEROES WORLD MISSION,0.504722222,0.459027778
Marble It Up!,0.640740741,0.329629629
Surfingers,0.59,0.58
Grand Theft Auto III,0.502435897,0.589096736
Grand Theft Auto III,0.51000999,0.490328422
Fictorum,0.48,0.485
Satan's puzzle 666,0.75,0.775
Atelier Ryza 2: Lost Legends & the Secret Fairy,0.535714286,0.642857143
Grand Theft Auto: Vice City,0.498543771,0.527072812
Grand Theft Auto: Vice City,0.577692308,0.52
INVASION!,0.514408564,0.614517034
VRChat,0.5875,0.523416667
Hot And Lovely 3,0.566666667,0.405555556
Grand Theft Auto: San Andreas,0.554481793,0.493933824
Grand Theft Auto: San Andreas,0.492857143,0.511607143
HuniePop,0.400238095,0.381488095
Manhunt,0.8,0.3
Max Payne,0.507043651,0.546318656
Apotheon,0.395833333,0.476875
Max Payne 2: The Fall of Max Payne,0.438333333,0.508611111
ÏÑ∏ Ïû•Ïùò Ïπ¥Îìú,0.634920635,0.503373016
3D PUZZLE - Wood House,0.48950938,0.633941198
Star Realms,0.48,0.495
Hidden Post-Apocalyptic Top-Down 3D,1,0.9
Always Sometimes Monsters,0.4,0.6
Bloodstained: Curse of the Moon 2,0.47654321,0.630246914
Grand Theft Auto 2,0.537036178,0.519126856
The Crew,0.25,0.525
G String,1,0
Bully: Scholarship Edition,0.683170406,0.365693109
SCP: Secret Laboratory,0.95,0.6
Leisure Suit Larry - Wet Dreams Don't Dry,0.515595238,0.460178572
Being a DIK,0.733333333,0.583333333
Grand Theft Auto IV: The Complete Edition,0.439285714,0.486904762
JANITOR BLEEDS,0.394949495,0.563131313
The Occupation,0.542916667,0.485486111
Rogue Legacy,0.363650794,0.576150794
Tiny Bunny,0.573496241,0.583740602
Game Dev Story,0.25,0.489583334
Sky Force Reloaded,0.25,0.489583334
Elven Assassin,0.451830769,0.50423631
Say No! More,0.5375,0.425
The Jackbox Party Pack 8,0.975,0.50625
Thing-in-Itself,0.443212806,0.543936388
Headlander,0.787698413,0.517857143
Yakuza 6: The Song of Life,0.518341503,0.545552956
RPG MO,0.503734671,0.578593418
Brigador: Up-Armored Edition,0.416034483,0.497805643
Drizzlepath: Genie,0.537607323,0.565184244
WARRIORS OROCHI 4 - ÁÑ°ÂèåOROCHIÔºì,0.477602097,0.525470649
FlatOut: Ultimate Carnage,0.4505,0.61975
Red Faction Guerrilla Re-Mars-tered,0.519230769,0.576717033
Darkwood,0.525211988,0.551611842
Ruins Of Mitriom,0.467437192,0.519597417
Kill to Collect,0.444444444,0.569444445
FarmD,0.586349206,0.586444541
Battle Ranch,0.414423077,0.529166667
Batman‚Ñ¢: Arkham Origins,0.648888889,0.492936508
Flight of the Paladin,0.841666667,0.5625
My Big Sister,0.515306878,0.579912037
Railway Empire,0.45,0.5875
Pony Island,0.453856479,0.503082755
Kingdoms and Castles,0.499675325,0.643831169
Crazy Chicken,0.497940798,0.591425354
Valentino Rossi The Game,0.56838843,0.562000689
Skater XL,0.5375,0.486837121
BoomTown! Deluxe,0.653507326,0.611158425
Bejeweled 3,0.717708333,0.719791667
Cute Dogs,0.562664021,0.552553572
Evil Genius 2,0.6,0.55
Guns of Icarus Online,0.536414566,0.553308824
Endless Fables: The Minotaur's Curse,0.568787879,0.653068182
FINAL FANTASY TYPE-0 HD,0.499832621,0.541099694
Resident Evil: Operation Raccoon City,0.493518519,0.619444445
L.A. Noire,0.532227776,0.555307699
BABYLON'S FALL DEMO,0.529365079,0.549404762
GOD EATER 2 Rage Burst,0.758333333,0.504166667
ÂãáÂ£´ÂÜ≤ÂÜ≤ÂÜ≤,0.603571429,0.571428572
MINDNIGHT,0.475,0.5
HITMAN 3 Demo,0.681986532,0.533964647
Street Fighter X Tekken,0.566666667,0.5375
Jump King,0.5,0.75
Skiing VR,0.466517857,0.536458334
Goodbye Deponia,0.549525475,0.459228272
UNBEATABLE [white label],0.375,0.366666667
Call of Duty: Ghosts,0.499393939,0.490707071
Middle-earth‚Ñ¢: Shadow of Mordor‚Ñ¢,0.5,0.75
Call of Duty: Ghosts - Multiplayer,0.346103896,0.51185065
FALLBACK,0.5,0.775
Versus Squad,0.509259259,0.621527778
Stealth Bastard Deluxe,0.488333333,0.634166667
Coloring Pixels,0.2,0.525
Turok,0.482820593,0.604733187
Cookie Clicker,0.707467532,0.374350649
Strangest.io's My Megamix '21,0.811904762,0.630952381
VTOL VR,0.555555556,0.511111111
Teenage Mutant Ninja Turtles: Portal Power,0.444497717,0.502823267
Turok 2: Seeds of Evil,0.475,0.495833334
Sherlock Holmes and The Hound of The Baskervilles,0.47,0.563125
Doki Doki Literature Club Plus!,0.461805556,0.540577652
Village Bus Driver Simulator,0.354353054,0.531276305
MOBIUS FINAL FANTASY,0.3375,0.441666666
Making of Furi: Episode 1 - Conception,0.499859694,0.543451673
Making of Furi: Episode 2 - Game Play,0.589495798,0.376890757
Making of Furi: Episode 3 - Art and Animation,0.617592593,0.495833334
Deity Quest,0.535805861,0.519871795
Deadly Forest,0.566489796,0.502880953
Driftpunk Racer,0.493569163,0.527809323
CarX Drift Racing Online,0.535714286,0.592857143
Assassin's Creed IV Black Flag,0.403125,0.528125
Ziggurat 2,0.519993716,0.515009819
Fortix 2,0.461525974,0.513603896
Disgaea PC,0.620870796,0.601390693
Eronoctosis: Put Yourself Together,0.535813492,0.506250752
NEKOPARA Vol. 3,0.25,0.6
My 1/6 Lover,0.471213624,0.561755953
HuniePop 2: Double Date,0.618928571,0.655178572
Workplace Rhapsody,0.383333333,0.61875
VTuber Editor,0.430718954,0.509803922
Dying Light: Bad Blood,0.4475,0.655833334
Celeste,0.581684982,0.529532967
The Survivalists,0.48,0.63
Last Day of June,0.542417661,0.543088828
"The Haunted Island, a Frog Detective Game",0.503327228,0.576831502
Kung Fury: Street Rage,1,0.25
Joe Danger 2: The Movie,0.496444444,0.449027778
Lowglow,0.544983315,0.532289412
Crab Game,0.3875,0.460416667
GRID,0.570448179,0.601820729
AZMD! Scorepocalypse ,0.653061224,0.719829932
Friday the 13th: The Game,0.450581066,0.633064059
Hard West,0.491666667,0.563333334
Lofi Ping Pong,0.572435897,0.567628205
Pixel Puzzles 4k: Japan,0.325,0.3375
Sleeping Dogs: Definitive Edition,0.560606061,0.359090909
You Are Not a Banana: Better Edition,0.583928571,0.472767857
Placement,0.4,0.3
Depth,0.522051282,0.532163462
Snuggle Truck,0.433333333,0.608333334
Thimbleweed Park,0.533333333,0.483333334
Angels of Death,0.183333333,0.483333334
ANVIL,0.233333333,0.466666667
Influent,0.48125,0.575
DiRT 2,0.962962963,0.541666667
Fantasy and Girls,0.561269841,0.568571429
Battlerite,0.548148148,0.547222222
TDP4:Team Battle,0.44,0.6675
Mortal Kombat X,0.551680442,0.524302621
Chippy,0.615365079,0.525936508
Digimon Masters Online,0.615365079,0.525936508
Nyasha Valkyrie,0.533503401,0.538180272
Shop Titans,0.714810924,0.482825631
Audiosurf,0.6125,0.6625
Russian Fishing 4,0.366666667,0.558333334
SCP: Containment Breach Multiplayer,0.505901774,0.503247301
Mini Motor Racing EVO,0.604166667,0.560416667
Lovely Archeologists,0.545833333,0.570833334
Highrisers,0.361666667,0.54
Chill Corner,0.528571429,0.60952381
Refunct,0.324285714,0.47
4 Alice Magical Autistic Girls,0.525,0.589285715
Rec Room,0.25,0.6125
Dark Void Zero,0.426666667,0.5275
Fated Souls 3,0.6,0.3
Elements: Soul of Fire,0.3,0.65
Divinity: Original Sin Enhanced Edition,0.56452381,0.587926588
Dead Rising 2,0.325,0.6375
Ultra Street Fighter IV,0.4,0.575
Among Trees,0.571296296,0.672685185
StarCrawlers Chimera,0.204761905,0.542857143
Fetish Locator Week Two,0.503571429,0.606197479
Dead Rising 2: Off the Record,0.733333333,0.35
Cyber Lady,0.586575758,0.531863637
Magrunner: Dark Pulse,0.408333333,0.601666667
Kingdom Two Crowns,0.469823232,0.524431818
1993 Space Machine,0.325,0.6125
Mon Bazou,0.633333333,0.325
Call of Duty: Advanced Warfare,0.675740741,0.492685185
Sunrider Academy,0.575,0.5375
Call of Duty: Advanced Warfare - Multiplayer,0.529551821,0.584138656
Guts and Glory,0.516171923,0.577634122
Warpips,0.45,0.4875
Death Squared,0.458333333,0.558333334
The Wandering Village Demo,0.51264881,0.4171875
Cortex Command,0.379400353,0.579848159
hack_me 2,0.545,0.71
Super Bit Blaster XL,0.6,0.55
Twilight Struggle,0.426190476,0.45952381
Ed-0: Zombie Uprising,0.613636364,0.592045455
Reigns: Game of Thrones,0.6,0.7525
MarsVR: Mars Desert Research Station VR,0.379166667,0.562239584
Gold Rush! Classic,0.6,0.85
Titanfall‚Ñ¢,0.588888889,0.335227273
Substance 3D Painter 2021,0.55,0.61
CameraBag Pro,0.675925926,0.529166667
Back to Bed,0.401530612,0.491836735
Barotrauma,0.630952381,0.585714286
Unravel,0.50502381,0.551097944
Unravel Two,0.711111111,0.872222222
Rayman Legends,1,0.583333333
8Doors: Arum's Afterlife Adventure,0.4,0.45
Unreal II: The Awakening,0.436666667,0.5675
The Assembly,0.4,0.7
Trapped In Stone,0.413636364,0.629545455
Stories: The Path of Destinies,0.4,0.7
Unreal Tournament 3: Black Edition,1,0.8
Unreal Tournament 2004,0.421875,0.61484375
Aion,0.469642857,0.584821429
Bob Came in Pieces,0.470833333,0.541666667
Tarim: Guardians,0.482086168,0.581122449
Unreal Tournament: Game of the Year Edition,0.399206349,0.55515873
Lineage II,0.55,0.8
Unreal Development Kit,0.490984333,0.583600031
Tricolour Lovestory,0.485714286,0.589285715
Mindustry,0.5,0.75
The Home Of Closed Doors,0.78125,0.527083334
Nuclear Throne,0.599737029,0.55068941
Capelord: Bounty Hunters Playtest,0.283333333,0.658333334
Death penalty: Beginning ,0.416666667,0.603205128
Until I Have You,0.583333333,0.6
Umineko When They Cry - Question Arcs,0.437142857,0.546964286
Canyon Capers,0.359848485,0.48939394
Nine Sols Demo,0.761904762,0.610119048
The Forest,0.732323232,0.520265152
Midair,0.403535354,0.555808081
Townscaper,0.35,0.7
Mini Motorways,0.270833333,0.46875
We Were Here Together,0.407323232,0.538383839
Aery - Calm Mind 2,0.539393939,0.472727273
Octave,0.666666667,0.6625
Hentai Girl Hime,0.58,0.46
CARNAL,0.413333333,0.603333334
140,0.633333333,0.5375
Elves Adventure,0.633333333,0.725
TopplePOP: Bungee Blockbusters Playtest,0.692857143,0.530952381
Corridor Z,0.50625,0.421875
Steam Heroes,0.666666667,0.583333333
Verdun,0.455555556,0.6
Iris and the giant,0.628571429,0.610714286
Prince of Persia: Warrior Within,0.423636364,0.514545455
Ziggurat,0.7,0.25
How to Take Off Your Mask Remastered,0.38,0.6275
Hotline Miami 2: Wrong Number Digital Comic,0.507352941,0.580147059
Bomber Crew,0.84,0.61
Timberborn,0.1,0.4
Far Cry,0.9,0.7
Space Run,0.536875,0.5046875
Wizard101,0.55,0.685714286
Prince of Persia: The Two Thrones,0.500920635,0.587206349
Spyro‚Ñ¢ Reignited Trilogy,0.431825397,0.592202381
Tom Clancy's Rainbow Six: Vegas,0.9,0.7
Banished,0.3,0.6
How to Fool a Liar King Remastered,0.388888889,0.472222222
Virtual Studio,0.597222222,0.625
Tom Clancy's Splinter Cell: Chaos Theory,0.84375,0.421875
PLAYNE,0.525,0.6375
The Odyssey of the Mammoth,0.717857143,0.617857143
Virginia,0.558290699,0.600587039
Ninja Girl and the Mysterious Army of Urban Legend Monsters! ~Hunt of the Headless Horseman~,0.533209257,0.510810213
Prince of Persia: The Sands of Time,0.518531746,0.596731151
Daikatana,0.527272727,0.441666666
Greyfox,0.379166667,0.548697917
PROMOD Playtest,0.6,0.85
Color Party,0.484848485,0.606060606
Carmageddon: Max Damage,0.279666667,0.5085
Battle Sad Boy,0.398039216,0.482843138
Contractors VR,0.4,0.3
Aura Kingdom 2,0.457099676,0.512181474
Geneshift,0.78,0.605
No Man's Sky,0.5,0.75
Hijacker Jack,0.501590909,0.685113637
A Robot Named Fight,1,0.25
Pathologic 2,0.481666667,0.624166667
H1Z1: Test Server,1,1
Dakar 18,0.641025641,0.592307693
Moving Out,0.55,0.525
Syberia,0.666666667,0.791666667
Oblivity,0.5125,0.675
Syberia 2,0.407407407,0.476620371
Xenonauts 2,0.695833333,0.434027778
Max Payne (RU),0.331818182,0.437819603
Betrayer,0.380502831,0.542340993
Sokpop S09: pyramida,0.537954545,0.434318182
The Uncertain: Last Quiet Day,0.395075758,0.521969697
KATANA KAMI: A Way of the Samurai Story ,0.533333333,0.466666667
Snood,0.847222222,0.65625
Mushroom 11,0.351388889,0.473958334
"Lewd Girls, Leave Me Alone! I Just Want to Play Video Games and Watch Anime! Hentai Edition",0.4375,0.5625
Avadon: The Black Fortress,0.588095238,0.673809524
Apocalipsis,0.2,0.55
Memoria,0.458333333,0.6375
Hired Ops,0.416313131,0.588585859
Swarm Arena,0.427240741,0.602768519
Terraforming Mars,0.46,0.58
Premium Bowling,0.675,0.7
PickCrafter,0.366666667,0.583333333
Crazy Max VR,0.598531746,0.610436508
My Colony,0.322222222,0.505555556
Retro Machina,0.691666667,0.620833334
Super Cyborg,0.476471445,0.555324884
DARK SOULS‚Ñ¢ III,0.713333333,0.29
DARK SOULS‚Ñ¢: REMASTERED,0.484301347,0.479301948
Ravenfield,0.580059524,0.522842262
Cube World,0.459166667,0.635925926
War Robots,0.618518519,0.605555556
Momentum Mod,0.356135011,0.528223079
Â§©Â≤öË°å - Through the Mist and Sky,0.333333333,0.625
Tank Mechanic Simulator,0.366666667,0.625
The Shapeshifting Detective,0.19375,0.509375
- Arcane Raise -,0.472222222,0.631944445
Foxhole,0.477777778,0.555555556
Neon Defense 1 : Pink Power,0.421428571,0.442857143
Tower Tactics: Liberation Playtest,0.9,0.2
Police Simulator: Patrol Officers,0.35625,0.390625
Going Medieval,0.3,0.425
Nights of Azure 2,0.541666667,0.441666666
SEX with HITLER,0.38,0.445
Legend of Mysteria,1,0.65625
Super Robot Wars 30,0.8,0.2
Portal 2: Community Edition,0.45,0.4
Age of History II,0.47707231,0.536199295
Marvel's Avengers,0.338149351,0.499025974
lure,0.410964912,0.59160401
Bobok,1,0.9
Beat Stickman: Infinity Clones,0.9,0.8
Dorfromantik,0.3,0.558333334
Missile Command: Recharged,0.2,0.4625
Easy Red 2,0.427272727,0.434090909
Flem,0.53030303,0.582670455
Layers of Fear 2,0.62,0.59
STRIDE,0.5,0.75
Watch_Dogs,0.405454545,0.559318182
NEKO-NIN exHeart,0.438708514,0.355429293
Cute Bite,0.494047619,0.563392857
Plunder Panic,0.703703704,0.585185185
Trap Legend,0.666666667,0.666666667
Karryn's Prison,0.8,0.433333334
Keep Talking and Nobody Explodes,0.5,0.75
Sex Search,0.571428571,0.541964286
Sanctum 2,0.69375,0.434375
I AM BUTTER VR,0.377272727,0.534090909
THE KING OF FIGHTERS XIV STEAM EDITION,0.458928571,0.632142857
Holy Potatoes! We‚Äôre in Space?!,0.9,0.8
Lovely Warriors,0.6,0.3
Days Gone,0.5,0.75
Seed of Life,0.4,0.56875
Perfect Heist 2,0.316666667,0.528787879
Embr,0.775,0.44375
Hatred,0.6328125,0.51015625
Blood West,0.412662338,0.604139611
Hentai Sea Battle,0.506666667,0.506666667
DCL - The Game,0.4,0.55
Hextones: Spacetime,0.75,1
Source SDK Base 2013 Singleplayer,0.590575397,0.674107143
Luminary,0.519155844,0.568364448
The Witness,0.666666667,0.602083334
Source SDK Base 2013 Multiplayer,0.4,0.3
Britannic: Patroness of the Mediterranean,0.43047138,0.486083053
BomberZone,0.446683246,0.551292254
The Legend of Heroes: Trails of Cold Steel,0.439460678,0.549181999
Gas Guzzlers Extreme,0.439460678,0.549181999
Music Maker (64 Bit) Steam Edition,0.439460678,0.549181999
GizmoVR Video Player,0.439460678,0.549181999
Battle vs Chess,0.439460678,0.549181999
Agatha Christie - The ABC Murders,0.439460678,0.549181999
Driver Booster 5 for Steam,0.439460678,0.549181999
Forgotten Realms: The Archives - Collection One,0.333333333,0.583333333
Last Days of Spring Visual Novel,0.437142857,0.547142857
Nioh 2 ‚Äì The Complete Edition,0.541666667,0.43125
Yogurt!,0.566666667,0.555555556
BATTLETECH,0.47520202,0.565871212
ADventure Lib,0.5,0.616666667
The Crown of Leaves,0.255,0.4325
Sonic Forces,0.340674603,0.505059524
One-Eyed Lee and the Dinner Party,0.25,0.48
MechWarrior Online,0.577777778,0.479166667
VirtualHere for Steam Link,0.5,0.5625
Donut County,0.2225,0.51625
!Anyway!,0.5,0.5625
Elegos Playtest,0.257142857,0.592857143
Wattam,0.658333333,0.405
Ara Fell: Enhanced Edition,0.525,0.3125
Escape Dungeon,0.4375,0.6015625
GunsBox VR,0.5025,0.63875
Golden Dungeons,0.25,0.625
"Invisible, Inc.",0.375,0.6
Hard Reset Redux,0.466666667,0.45
Open Hexagon,0.331060606,0.511742424
Puyo Puyo‚Ñ¢ Tetris¬Æ 2,0.333333333,0.35
Guardians of Orion (Phase 2),0.474342105,0.560244361
10th Corpse,0.445238095,0.630952381
Cooking Simulator VR,0.888888889,0.45
They Bleed Pixels,0.498809524,0.514285715
Take On Mars,0.401046176,0.582359308
Primal Fears,0.5,0.25
Project Rhombus,0.4546875,0.5984375
Golf It!,0.4,0.716666667
11-11 Memories Retold,0.3,0.625
Company of Heroes: Europe at War,0.600416667,0.680399305
Coloring Game 4,0.666666667,0.572222222
Sid Meier's Ace Patrol,0.466666667,0.433333334
100 hidden cats,0.35,0.415277778
RISK: Global Domination,0.456601732,0.607656927
Hardspace: Shipbreaker,0.583333333,0.8
GOD EATER 3,0.478673621,0.551588839
Wrestling Empire,0.333333333,0.666666667
Sid Meier's Ace Patrol: Pacific Skies,0.3,0.48125
Monaco,0.497222222,0.5
Lil Gator Demo,0.35,0.7
Miko Mole,0.5,0.625
Stack,0.542857143,0.607142857
Corruption of Champions II,0.410002035,0.536062372
Cladun Returns: This Is Sengoku!,0.5,0.375
Chesskoban,0.266666667,0.472222222
Jitsu Squad,0.15,0.55
Offspring Fling!,0.2,0.475
Spare Parts: Episode 2,0.25,0.625
BlazBlue Cross Tag Battle,0.617777778,0.55
Sakura Beach 2,0.35,0.7
Cognition Method: Initiation,0.35,0.4
Sword Daughter,0.238888889,0.586111111
Homeworld Remastered Collection,0.4,0.566666667
Memory Novel - The Sex Sauna,0.5,0.5625
eFootball PES 2021 SEASON UPDATE,0.563333333,0.606666667
Deadlight,0.383333333,0.566666667
The Blackwell Legacy,0.313636364,0.460795455
RIDE 4,0.5,0.666666667
Areia,0.26,0.54
Lila‚Äôs Sky Ark Demo,0.237179487,0.551923077
Pizza Express,0.233333333,0.6
EVERSPACE‚Ñ¢ 2,0.444444444,0.625
DARK SOULS‚Ñ¢: Prepare To Die Edition,0.403531746,0.478392857
The Walking Dead: The Final Season,0.616666667,0.3625
Assetto Corsa,0.45,0.35
Alder's Blood: Prologue,0.5,0.375
Heroes Never Lose: Professor Puzzler's Perplexing Ploy,0.29375,0.40125
Red Solstice 2: Survivors,0.133333333,0.489583334
Dry Drowning Demo,0.416666667,0.572916667
Breeders of the Nephelym: Alpha,0.178,0.481
The Binding of Isaac,0.482104377,0.561195286
The Count Lucanor,0.512698413,0.585714286
Puzzle Light: Rotate,0.477380952,0.475595238
12 Labours of Hercules,0.4505,0.651
Post Trauma Demo,0.2,0.55
Conan Exiles,0.25,0.625
Retro three kingdoms : Special edition,0.433333333,0.597619048
Hello Lady! - Complete Edition,0.504761905,0.678968254
Walking Zombie 2,0.4,0.560714286
