game_name,scaled_rating
Pogostuck: Rage With Your Friends,0.745425617
Gothic 1 Classic,0.850158696
Vanguard Princess,0.684159452
Counter-Strike,0.970681437
HunieCam Studio,0.812332074
WRC 6,0.523657629
Team Fortress Classic,0.820112164
Womb Room,0.258947368
Day of Defeat,0.882832409
Deathmatch Classic,0.805331511
Learn to Fly 3,0.861634918
Half-Life: Opposing Force,0.941609169
Ricochet,0.776873911
Into the Stars,0.367056951
Half-Life,0.957196752
Huusuienbu - Chapter Spring and Summer ,0.719298246
Counter-Strike: Condition Zero,0.880837871
SAO Utils: Beta,0.751234374
Suguri,0.851851852
Hard Reset,0.810213501
Jets'n'Guns Gold,0.867183883
Half-Life: Blue Shift,0.888830988
Dungeons 2,0.769282213
Gleaner Heights,0.670715249
Squad,0.771691727
Salt,0.757462271
12 Labours of Hercules II: The Cretan Bull,0.885153581
SKYBOX VR Video Player,0.820008035
12 Labours of Hercules III: Girl Power,0.852790499
Hurtworld,0.712433548
I Am Bread,0.749491555
Half-Life 2,0.961376116
Counter-Strike: Source,0.951003206
Arma: Cold War Assault,0.744335458
Synth Riders,0.982177666
Dungeon Defenders,0.909982268
World of Guns: Gun Disassembly,0.808394707
Half-Life: Source,0.754706268
Downwell,0.963905448
Fairy Fencer F Advent Dark Force,0.81990984
NecroWorm,0.946532999
Day of Defeat: Source,0.883870717
Iconoclasts,0.879668331
Insanity Clicker,0.621191343
Half-Life 2: Deathmatch,0.870185233
Alien Shooter,0.886109982
Masquerada: Songs and Shadows,0.919191919
Stranded,0.230563719
Half-Life 2: Lost Coast,0.831653218
Alien Shooter: Revisited,0.612656094
Midas Gold Plus,0.866675675
Manga maker ComiPo!,0.736525429
Alien Shooter 2: Reloaded,0.91258963
Half-Life Deathmatch: Source,0.710578899
This Strange Realm Of Mine,0.807518797
RutonyChat,0.740890688
Half-Life 2: Episode One,0.931098964
Yooka-Laylee,0.724607643
Lumini,0.854809437
The Bureau: XCOM Declassified,0.657557918
Portal,0.977068672
Capcom Beat 'Em Up Bundle,0.843101203
Half-Life 2: Episode Two,0.946467072
Project 5: Sightseer,0.749019608
Fly Simulator,0.567719298
Orwell,0.905022431
Team Fortress 2,0.930505878
Sid Meier's Civilization: Beyond Earth,0.480625181
Assassin's Creed II,0.830680702
Halo Wars: Definitive Edition,0.85239725
BAJA: Edge of Control HD,0.768309663
Left 4 Dead,0.943678446
Little Racers STREET,0.809455302
Left 4 Dead 2,0.963675883
Into the Breach,0.915655829
Dota 2,0.841358872
Portal 2,0.9848461
Alien Swarm,0.942503188
Crimsonland,0.8861934
Narcissu 10th Anniversary Anthology Project,0.979769243
Counter-Strike: Global Offensive,0.851735537
Sparkle 3 Genesis,0.581699346
The Disney Afternoon Collection,0.916519925
Tropico,0.857270294
Has-Been Heroes,0.718383908
PARTICLE MACE,0.876185933
Grow Up,0.874890248
War for the Overworld,0.820150248
Mother Russia Bleeds,0.841211608
STARWHAL,0.882559012
The Construct,0.35839599
Eversion ,0.901338829
Universe Sandbox,0.932756434
ARCADE GAME SERIES: PAC-MAN,0.819145178
ASTRONEER,0.824804569
Renegade Ops,0.838901602
Olympia Rising,0.719298246
Warframe,0.907794883
Phoenix Wright: Ace Attorney Trilogy,0.967836258
Signs of Life,0.75708502
Crush Crush,0.86588049
炎黄战纪[Legacy of YanHuang],0.644091361
Punch Club,0.75788567
Arma 2,0.807749589
Spintires®,0.833602099
Hearts of Iron IV,0.852463349
Arma 2: Operation Arrowhead,0.911178843
Dominions 5,0.927300266
Sullen: Light is Your Friend,0.719298246
.hack//G.U. Last Recode,0.862354421
Tropico 6,0.83216032
Gravel,0.661670733
Dead Rising,0.880485528
Dimension Drive,0.946532999
STAR WARS™: X-Wing Alliance™,0.760793288
BLOCKADE ,0.601219674
Killing Floor,0.94722554
Total War: NAPOLEON - Definitive Edition,0.892200067
8-Bit Armies,0.779389824
HELLDIVERS™,0.903963731
Vampyr,0.693844744
Girls Like Robots,0.686909581
HIVESWAP: ACT 1,0.937662337
Epic Roller Coasters,0.529824561
Stories Untold,0.864256318
Devil May Cry 4 Special Edition,0.896932593
Mighty Gunvolt,0.701322271
Ballistic Overkill,0.729388831
SpyParty,0.826263117
MMM: Murder Most Misfortunate,0.915789474
The Leisure of Grisaia,0.90336497
Air Threat,0.72688478
Sonic and SEGA All Stars Racing,0.753182193
Farming Simulator 19,0.742445019
Gems of War,0.734989648
The Night of the Rabbit,0.893037543
TurnSignal,0.960741013
Tower Unite,0.825904662
Mitsurugi Kamui Hikae,0.799068717
Darwinia,0.718407129
MOAI 2: Path to Another World,0.702786378
Shadowhand,0.819103314
Uplink,0.902698594
PokerStars VR,0.879583015
DEFCON,0.839131356
Factorio,0.983310592
Unearthed: Trail of Ibn Battuta - Episode 1 - Gold Edition,0.4731444
Mount Your Friends,0.944617165
Card Quest,0.949292587
GemCraft - Chasing Shadows,0.956415078
Equilinox,0.947383933
Spiral Knights,0.809453675
MagiCat,0.940276223
EvilQuest,0.870661629
RiME,0.890173749
The Myth Seekers: The Legacy of Vulcan,0.784994401
Arx Fatalis,0.846824268
Ashes of Immortality II - Bad Blood,0.663157895
Zwei: The Ilvard Insurrection,0.971929825
Queen's Quest 2: Stories of Forgotten Past,0.861571738
Who's Your Daddy?!,0.688312499
State of Decay: Year-One,0.731474055
DEADBOLT,0.947305086
Sonic Lost World,0.573723391
MUSYNX,0.812326205
Darkestville Castle,0.94225564
Maximum Action,0.858353576
The World Next Door,0.83365822
Planet Coaster,0.872128776
Kentucky Route Zero,0.808331401
Hand Simulator,0.759791225
Source Filmmaker,0.922969088
The Wild Eight,0.687553964
SUPERHOT: MIND CONTROL DELETE,0.85354691
Opus Magnum,0.976666059
Army of Tentacles: (Not) A Cthulhu Dating Sim,0.533603239
DISTRAINT: Deluxe Edition,0.930451042
City Car Driving,0.670169267
WazHack,0.86390218
Figment,0.828331158
The Adventures of Fatman,0.550877193
Bayonetta,0.902510421
Company of Heroes 2,0.696847645
One Finger Death Punch,0.980090143
Vanquish,0.863357687
Renowned Explorers: International Society,0.922135435
Sniper: Ghost Warrior,0.498783124
Heroes of Might & Magic III - HD Edition,0.644953766
Dark Messiah of Might & Magic Single Player,0.924541256
The Culling Of The Cows,0.709672698
Ring of Elysium,0.720215589
Animation Throwdown: The Quest for Cards,0.663440717
Hades' Star,0.67516275
Rakuen,0.968631112
High On Racing,0.382020944
Lonely Astronaut,0.795853269
Steep,0.719109403
Software Inc.,0.912456392
Tom Clancy's Ghost Recon® Wildlands,0.694028857
Freedom Cry,0.422556391
Katana ZERO,0.973888209
Quake III Arena,0.948105558
Wayward Souls,0.856897145
Orbital Racer,0.850292398
Quake 4,0.81920904
Titan Souls,0.757224227
Pipes!,0.740890688
Mini Ninjas,0.838917165
Narcissu 1st & 2nd,0.937229777
Illyriad - Grand Strategy MMO,0.546340599
Wolfenstein 3D,0.947481607
The Ultimate DOOM,0.927167743
DOOM II: Hell on Earth,0.924286448
Quake,0.94455274
Quake II,0.918604098
Asterix & Obelix XXL 2,0.745779544
Lara Croft and the Guardian of Light,0.902987509
Knights of Pen and Paper +1,0.825619915
Batman: Arkham Asylum GOTY Edition,0.95410509
Dungeons 3,0.937608703
Dungeon Painter Studio,0.799575715
Black Mesa,0.925775263
hack_me,0.571202935
Garfield Kart,0.861843911
Subnautica,0.936403876
Witch It,0.891142724
Vampire: The Masquerade - Bloodlines,0.937688772
Thorne - Son of Slaves (Ep.2),0.884840305
Call of Duty,0.92143037
A Princess' Tale,0.5353902
The Thrill of the Fight,0.934691315
Call of Duty 2,0.900755635
SQUAKE,0.734297576
Euro Truck Simulator,0.769759488
闯关杀II,1
Call of Duty: United Offensive,0.814459487
DiRT Rally 2.0,0.554071901
Eador. Masters of the Broken World,0.627012737
Deliver Us The Moon,0.798946402
Rising Storm/Red Orchestra 2 Multiplayer,0.912547501
Handball 17,0.454636591
The Ball,0.711042312
Romance of the Three Kingdoms XIII,0.398368342
Foundation,0.731472423
Heart's Medicine - Time to Heal,0.915834242
Killing Floor 2,0.864590812
Celestial Command,0.767930465
Overruled!,0.52723915
X Rebirth,0.340449025
Modern Combat Versus,0.500905771
Praey for the Gods,0.794965675
Trine,0.95362938
For The King,0.819092389
Split/Second,0.748462064
Trine 2,0.953575299
FlatOut 2,0.933381283
Mega Man Legacy Collection,0.782133453
Saku Saku: Love Blooms with the Cherry Blossoms,0.919799499
Acceleration of Suguri X-Edition,0.804958406
Electronauts,0.894736842
Escape Machines,0.349678544
Gone Home,0.736273262
STANDBY,0.657811194
Viscera Cleanup Detail: Santa's Rampage,0.890220601
Pillars of Eternity II: Deadfire,0.814803437
Zenge,0.95369868
Captain Kaon,0.859649123
Bleed 2,0.943992999
"Warhammer 40,000: Inquisitor - Martyr",0.591148341
TransRoad: USA,0.442694327
Holy Potatoes! A Weapon Shop?!,0.706317817
Tales from the Borderlands,0.947948354
Lords Of The Fallen,0.549005242
Cockroach Simulator,0.718046975
Gun Club VR,0.81485629
Far Cry 4,0.756112856
NVL,0.5353902
She and The Light Bearer,0.955968353
Foreign Legion: Buckets of Blood,0.577520072
Fireflies,0.123662815
SWAT 3: Tactical Game of the Year Edition,0.520090549
Zuma Deluxe,0.912354726
V-Rally 4,0.61588181
Stikbold!,0.859219915
The Adventures of Fei Duanmu 端木斐异闻录,0.925709009
POSTAL,0.800195277
Quantum Conundrum,0.825651084
Dead Rising 3,0.666784068
Broken Age,0.812777434
Office Space: Idle Profits,0.590255259
RPG Maker MV,0.863647124
The Red Solstice,0.701292016
Cat Quest,0.953758847
Peggle Deluxe,0.936770253
Dead Age,0.808246218
Fistful of Frags,0.897198152
The Adventure Pals,0.931951089
Stronghold Crusader 2,0.557296866
Clicker Heroes,0.887538752
Imagine Me,0.239553429
TrackMania² Stadium,0.816086401
Peggle Nights,0.931256713
NaissanceE,0.749849423
EMERGENCY 4 Deluxe,0.547960811
Worms Revolution,0.832846004
Lazy Galaxy,0.835686778
Aimtastic,0.950887778
12 Labours of Hercules IV: Mother Nature,0.865647023
Plants vs. Zombies: Game of the Year,0.966205623
Realm of the Mad God Exalt,0.811362676
Zuma's Revenge,0.932098064
Pantsu Hunter: Back to the 90s,0.707093822
Dungeon Rushers,0.671373556
Truberbrook,0.69722058
Batman: Arkham City GOTY,0.948289071
Tales of Berseria,0.924422383
GRIP: Combat Racing,0.883413549
Ylands,0.653797763
Sniper Elite,0.728306646
Winged Sakura: Mindy's Arc,0.859649123
Hexcells,0.959888644
Shadow Warrior,0.920508251
東周列萌志 Philosophic Love,0.93669634
Goat Simulator,0.874422756
Everlasting Summer,0.947299891
Bunny Hop League,0.685387967
AdventureQuest 3D,0.67175411
Broken Reality,0.982814179
ECCHI NEKO GIRLS PUZZLE,0.775438596
Psychonauts,0.940877598
LYNE,0.958542995
Pocket Kingdom,0.954171142
Far Cry® 3 Blood Dragon,0.866081372
Sid Meier's Civilization IV,0.904896844
XCOM: Enemy Unknown,0.939887961
Tennis World Tour,0.195096174
Total War: WARHAMMER,0.720655659
MURDERED: SOUL SUSPECT™,0.820547
Dragon Climax,0.906432749
ONE PIECE PIRATE WARRIORS 3,0.800638547
Sid Meier's Pirates!,0.92353502
Totally Accurate Battlegrounds,0.787608746
SYNTHETIK,0.916666667
Tower of Guns,0.800569185
Prey,0.879345517
Sudeki,0.837274346
Townopolis,0.607908661
Breach & Clear,0.801590051
Garry's Mod,0.951464176
Pyre,0.893335693
Darkness Within: In Pursuit of Loath Nolder,0.732516888
TT Isle of Man,0.65542599
The Elder Scrolls: Legends,0.684248134
A Kiss For The Petals - Remembering How We Met,0.917573702
Sabbat of the Witch,0.995706283
Prison Architect,0.924447743
DISSIDIA FINAL FANTASY NT Free Edition,0.305587045
Looterkings,0.756499683
Torchlight II,0.936964087
Twinsen's Little Big Adventure Classic,0.825771325
Sector 452,1
SimplePlanes,0.893939712
GameGuru,0.705388573
Warsim: The Realm of Aslona,0.966976264
AER Memories of Old,0.818510419
Calibre 10 Racing Series,0.379782791
The Void,0.799895779
Distance,0.926601884
Ninja Blade,0.595789474
The Jackbox Party Pack 2,0.93640739
Away,0.663157895
iRacing,0.822781305
Wander No More,0.88384755
Cave Story+,0.951729792
Surgeon Simulator,0.800393466
Booty Calls,0.398715367
Organ Trail: Director's Cut,0.870690514
Spin Rush,0.761035242
Valkyria Chronicles 4 Complete Edition,0.862099138
Dungeon Fighter Online,0.70641756
Undead Horde,0.931951089
Silverfall,0.565365026
Habitat,0.387559809
Shu,0.790521079
Operation: New Earth,0.440282388
Demon Hunter 5: Ascendance,0.693779904
Dino D-Day,0.817829584
Dungeon of Zolthan,0.73627091
Koi-Koi Japan [Hanafuda playing cards],0.926773456
Kenshi,0.876925301
S.T.A.L.K.E.R.: Shadow of Chernobyl,0.94487036
Full Spectrum Warrior,0.594166138
Guided Meditation VR,0.79271255
MXGP3 - The Official Motocross Videogame,0.760986625
MotoGP™17,0.655414398
Hacker Evolution,0.618295186
"Warhammer 40,000: Dawn of War - Game of the Year Edition",0.937334531
Hacker Evolution - Untold,0.51124871
"Warhammer 40,000: Dawn of War - Dark Crusade",0.949921753
Slap City,0.940656446
EverQuest II,0.692553272
LEGO® Worlds,0.73838434
Evoland Legendary Edition,0.862111418
Shenmue I & II,0.908428537
Injustice™ 2,0.771591198
Spriter Pro,0.765192449
Business Tour - Online Multiplayer Board Game,0.597754981
MidBoss,0.847444699
Age of Mythology: Extended Edition,0.837747029
Total War: MEDIEVAL II - Definitive Edition,0.937535793
Underworld Ascendant,0.225827125
Kona,0.811005776
Onward,0.877629063
Condemned: Criminal Origins,0.830505225
Clustertruck,0.890694218
Total War: WARHAMMER II,0.85001855
Heavy Burger,1
VVVVVV,0.956932548
Mad Max,0.893112743
SENRAN KAGURA Burst Re:Newal,0.836910712
Running Gods,0.688109162
Receiver,0.765096064
Fighting Fantasy Legends,0.612482534
Hunt: Showdown,0.713806189
Miscreated,0.647287389
Windosill,0.894659385
Recettear: An Item Shop's Tale,0.960712488
Cossacks: Art of War,0.800792303
The Land of Eyas,0.904846863
Ken Follett's The Pillars of the Earth,0.921664627
Battle Brothers,0.864843774
Natural Selection 2,0.829588154
无主之地:银河 4X-Galaxy,0.477930495
Spoko and Poko,0.037593985
"Creature Clicker - Capture, Train, Ascend!",0.39129876
Marvel Puzzle Quest,0.652101953
Lucy -The Eternity She Wished For-,0.952101081
M.EXE,0.761828815
Hacknet,0.918012564
The Beggar's Ride,0.783317944
KumaKuma Manga Editor,0.881046285
QuantZ,0.605500237
GET EVEN,0.769831938
DYO,1
Worms Ultimate Mayhem,0.855568831
Paw Patrol: On A Roll,0.812865497
KovaaK's,0.935576647
Worms Crazy Golf,0.797526603
Orbs,1
Idle Champions of the Forgotten Realms,0.787048402
Worms,0.840030183
Rush Bros,0.571725735
Worms Pinball,0.362356508
Tom Clancy's The Division,0.618874597
The Dweller,0.910622327
Orcs Must Die! 2,0.945314977
Beware Planet Earth,0.650488088
Wolfenstein: The New Order,0.886314751
Kynseed,0.872124756
OlliOlli2: Welcome to Olliwood,0.818902093
Project CARS,0.73063723
Golf With Your Friends,0.890509
Assassin's Creed Revelations,0.829975398
RUINER,0.895261259
Immortal Redneck,0.899328944
Diorama Battle of NINJA,0.518796992
Volume,0.758703518
Batman™: Arkham Origins Blackgate - Deluxe Edition,0.316325342
Farm Frenzy 2,0.881809788
Mages of Mystralia,0.881241565
Alien Hostage,0.529490393
Ichi,0.886742945
Cradle of Rome,0.875243665
Cradle of Persia,1
Warstone TD,0.880434514
Driver Fusion,0.636738906
BOOBS SAGA: Prepare To Hentai Edition,0.753938037
Road Redemption,0.797110847
Ghost Sweeper,0.894736842
TAIKU MANSION,0.241547577
Scream Collector,0.832189168
Timberman,0.928405456
rFactor 2,0.801497514
b,0.883092443
Frosty Kiss,0.885707755
Marvin's Mittens,0.976444608
Syberia 3,0.430981894
openCanvas 7,0.761638733
Sweet Lily Dreams,0.419883041
Amazing Cultivation Simulator,0.579420993
Fallout,0.905328493
Fallout 2,0.929037004
Infinifactory,0.935559423
Kingpin,0.769961489
12 orbits,0.849921835
Phoning Home,0.676270969
Crazy Taxi,0.797404947
FINAL FANTASY XII THE ZODIAC AGE,0.843158072
iBomber Defense,0.712245438
NBA 2K Playgrounds 2,0.581811672
Space Channel 5: Part 2,0.871224452
Mastema: Out of Hell,0.612364244
Cossacks 3,0.719396222
Monopoly Plus,0.352607662
Guilty Gear Isuka,0.44434465
Gun Metal,0.737445402
Train Sim World® 2020,0.636835679
GAROU: MARK OF THE WOLVES,0.502756892
METAL SLUG,0.88919098
Sonic Generations,0.911939636
Ion Fury,0.968275886
Hostile Waters: Antaeus Rising,0.700584795
Siralim 2,0.922472849
Seasons after Fall,0.794022092
BEEP,0.827822125
Prospekt,0.549925661
The Evil Within,0.795025264
NEKOPARA Vol. 1,0.950835669
Toki Tori,0.865453666
Vacation Simulator,0.86417657
City Game Studio,0.78075366
AirMech Wastelands,0.693779904
Caves of Qud,0.966548496
Prime World,0.535645837
EDGE,0.91075433
Wallpaper Engine,0.966659978
Heat Signature,0.92875179
STAR WARS™ Jedi Knight: Jedi Academy™,0.938389373
XNemesis,0.775438596
World's Dawn,0.793726741
STAR WARS™ Jedi Knight II: Jedi Outcast™,0.890176536
Wandersong,0.981931841
"Star Wars: Battlefront 2 (Classic, 2005)",0.913764268
LineWay,0.940333926
Thrillville: Off the Rails,0.862365592
METAL GEAR RISING: REVENGEANCE,0.91268985
Shank,0.871013566
Dynamite Jack,0.84319902
Arcade Moonlander,1
GODS Remastered,0.795853269
aMAZE 2,0.813359256
Warhammer: End Times - Vermintide,0.771131235
Surviving Mars,0.674689426
Hex,0.822714681
Tangledeep,0.866235987
Holobunnies: Pause Cafe,0.52723915
Audioship,0.251461988
Eastside Hockey Manager,0.82113423
FlatOut,0.90344794
Tom Clancy's Splinter Cell Blacklist,0.814518794
The Treasures of Montezuma 4,0.826801045
Nova Drift,0.984332926
Small World,0.718489307
Dirty Bomb,0.776174338
Medieval Engineers,0.664790095
Aura Kingdom,0.760902464
Levelhead,0.95153351
大逃亡专家/Escape Expert,0.582211343
If My Heart Had Wings -Flight Diary-,0.88384755
Adorables,0.703349283
8-Bit Hordes,0.803647049
RIFT,0.716464106
XCOM 2,0.779842991
Call of Duty: Black Ops II,0.828439066
Epic Battle Fantasy 5,0.980463981
FINAL FANTASY VII,0.921759955
Army Men RTS,0.82534113
FINAL FANTASY VIII,0.872480536
Mutant Year Zero: Road to Eden,0.866033172
Lydia,0.893788525
Audiosurf 2,0.78780463
FINAL FANTASY XIV Online,0.801447387
Fury Unleashed,0.871679198
Serious Sam VR: The Last Hope,0.838259532
Alien Swarm: Reactive Drop,0.927449817
From The Depths,0.868714102
RPG Maker XP,0.893957116
Yesterday Origins,0.830433226
Fortified,0.731427334
Hitman: Absolution,0.891969878
Devil May Cry 3: Special Edition,0.530153945
Tomb Raider,0.952804193
Fine Sweeper,0.868077504
Town of Salem,0.846423909
Vernon's Legacy,0.553057401
Regular Human Basketball,0.955532396
Call of Cthulhu,0.706512897
ORION: Prelude,0.713450095
Paranormal State: Poison Spring Collector's Edition,0.727554179
America's Army: Proving Grounds,0.743165491
A New Beginning - Final Cut,0.73168843
EVGA Precision X1,0.720854818
Batman - The Telltale Series,0.733497748
Satellite Reign,0.647833494
Zombie Army Trilogy,0.847650139
Gothic 3,0.778481434
Dungeon Defenders II,0.706966483
King's Bounty: Warriors of the North,0.801633188
Gothic II: Gold Classic,0.875505758
Cuphead,0.95294735
SpellForce: Platinum Edition,0.801544193
Starpoint Gemini 2,0.66105075
Cosmic Pioneer,0.37122807
Scalak,0.982565109
WEED,0.51124871
Trolley Gold,0.216773641
Atari Vault,0.785870545
Commandos 2: Men of Courage,0.829899382
The Dishwasher: Vampire Smile,0.939942881
Hitman 2: Silent Assassin,0.835439783
Swords and Sandals Classic Collection,0.952220979
Hitman: Blood Money,0.929813342
Out of Space,0.438596491
AIRHEART,0.832103624
Hitman: Codename 47,0.691159439
Chaser,0.696828691
Deus Ex: Game of the Year Edition,0.940869019
ELDERBORN,0.941923775
The Incredible Adventures of Van Helsing: Final Cut,0.688450026
Okhlos: Omega,0.772724864
Thief: Deadly Shadows,0.824691841
Bud Spencer & Terence Hill - Slaps And Beans,0.933775458
Tomb Raider: Legend,0.856323273
Poly Bridge,0.873950852
War Thunder,0.765246087
Nation Red,0.870865324
Dragon's Dogma: Dark Arisen,0.869685214
DARK SOULS™ II,0.873826608
Screencheat,0.911498492
Hero Siege,0.761658261
Hollow Knight,0.948599583
PAC-MAN Championship Edition DX+,0.947963555
F1 Race Stars,0.732960721
Vaporum,0.887168903
The Shadowland,0.565365026
The Town of Light,0.782763996
oO,0.904055752
LOVE,0.894095199
Blade & Sorcery,0.850194486
Binary Domain,0.838479487
Age of Empires® III (2007),0.870040139
Fishermurs,0.789473684
Crusader Kings II,0.868883197
1931: Scheherazade at the Library of Pergamum,0.635580178
Tiny Echo,0.855263158
TrackMania United Forever,0.939337538
Monster Castle,0.391812865
Controller Companion,0.904510134
Adventuring gentleman,0.598997494
NeuroVoider,0.758207399
Zero-K,0.898245614
Yoku's Island Express,0.961415567
FINAL TAKE,0.458646617
Terraria,0.966762999
The Elder Scrolls V: Skyrim,0.933451649
Blood Bowl 2,0.681004029
MorphVOX Pro 4 - Voice Changer,0.501351567
Supreme Commander 2,0.837490826
Adventure Time: Pirates of the Enchiridion,0.832224239
Eternal Card Game,0.74945003
Slime Rancher,0.956952373
EARTHLOCK,0.82199401
White Day: A Labyrinth Named School,0.630000222
8-Bit Invaders!,0.785723851
West of Loathing,0.973309438
Wuppo - Definitive Edition,0.944046162
Idling to Rule the Gods,0.848153718
Fable - The Lost Chapters,0.913921282
DUO,0.730526316
Floating Point,0.954110504
Europa Universalis IV,0.809307631
Pharaoh + Cleopatra,0.822340662
Cities in Motion,0.743644826
GUNGRAVE VR,1
Deceit,0.725776503
Max Payne 3,0.810781818
Dex,0.85613856
SoulWorker,0.72790829
200% Mixed Juice!,0.807518797
LEGO® Harry Potter: Years 5-7,0.840475505
Two Worlds II,0.54889771
BADLAND: Game of the Year Edition,0.820511853
Rift's Cave,0.352226721
Risen,0.851828986
Transformice,0.820470188
Tumblestone,0.756289949
Ryse: Son of Rome,0.815697859
Snapshot,0.691480954
A Legend of Luca,0.814794718
DARK SOULS™ II: Scholar of the First Sin,0.840792141
AI War: Fleet Command,0.824828433
The Bridge,0.873667321
DreadOut,0.726195738
Soda Dungeon,0.930260434
Warriors' Wrath,0.669762642
Awesomenauts,0.831082943
Rabi-Ribi,0.971858206
Budget Cuts,0.726939855
Granado Espada,0.543514524
Serious Sam 2,0.869824851
USA 2020,0.822714681
Polyball,0.801169591
AR-K,0.534574141
Grimoire: Manastorm,0.655106759
Castle Crashers,0.955740773
Call to Arms,0.696469771
Kingdom: Classic,0.873606954
Lamplight City,0.906432749
X-Plane 11,0.799110053
Northgard,0.821160832
Outward,0.697074411
Holyday City: Reloaded,0.811909754
Treadnauts,0.847298246
Z1 Battle Royale,0.493244727
Momodora III,0.917033964
CrossCode,0.942446506
Super Blood Hockey,0.915913131
Life is Strange 2,0.81283266
Her Story,0.886948968
Neon Drive,0.805326265
Machinarium,0.948005429
Elsword,0.729243312
Onimusha: Warlords,0.920743034
Call of Duty 4: Modern Warfare,0.903433421
Star Traders: Frontiers,0.872007664
The Darkside Detective,0.949536764
Through the Woods,0.705375439
Overcooked! 2,0.784440003
LISA,0.950443211
Tomb Raider: Anniversary,0.81437657
The Turing Test,0.844001084
Retro City Rampage™ DX,0.878628957
Depression Quest,0.530193905
Heileen 1: Sail Away,0.489633173
The Station,0.788407188
Duke Nukem 3D: 20th Anniversary World Tour,0.797826203
Kane & Lynch: Dead Men,0.582479568
Interplay Solitaire,0.550877193
Blade Strangers,0.682972136
Mana Spark,0.854948376
Dream Of Mirror Online,0.477014833
Tomb Raider: Underworld,0.718943376
Borderlands GOTY Enhanced,0.597748264
SNK HEROINES Tag Team Frenzy,0.707504054
LET IT DIE,0.629921932
Timespinner,0.845194381
Stronghold HD,0.929978503
The Jackbox Party Pack 3,0.943538847
Just Cause 2,0.901597921
Stronghold Crusader HD,0.955077149
Stronghold Legends,0.737940678
Mafia,0.894019264
Albion Online,0.504849079
Serious Sam HD: The First Encounter,0.92841074
Slasher's Keep,0.905381431
BROKE PROTOCOL: Online City RPG,0.587351034
DuckTales Remastered,0.842185415
Sins of a Solar Empire: Rebellion,0.914535108
The Beginner's Guide,0.845819445
Robot Roller-Derby Disco Dodgeball,0.914819268
The Norwood Suite,0.786864421
Clue/Cluedo: The Classic Mystery Game,0.816148559
OZMAFIA!!,0.865933491
The House in Fata Morgana,0.971763729
Geometry Wars: Retro Evolved,0.892071263
Yet Another Zombie Defense,0.849788089
Unavowed,0.959008632
POSTAL Redux,0.892898783
Mage's Initiation: Reign of the Elements,0.847754981
Dyna Bomb,0.83488132
Dreamfall Chapters,0.813914024
Dishonored,0.966883391
EVE Online,0.714791508
SimAirport,0.747098362
Otem's Defiance,1
Altitude,0.913837351
Transistor,0.944052241
UFO: Afterlight,0.550877193
RACE 07,0.807708246
The Banner Saga,0.883292461
Hell Yeah!,0.845105453
Deus Ex: Human Revolution - Director's Cut,0.903031376
Healer's Quest,0.916051812
Friday the 13th: Killer Puzzle,0.932016838
Hidden in Plain Sight,0.985226223
Lamia's Game Room,0.570691435
Car Mechanic Simulator 2014,0.795327377
Sniper Elite 3,0.769122194
Torchlight,0.914068125
American Truck Simulator,0.914146961
Blackout Z: Slaughterhouse Edition,0.913630229
Worms World Party Remastered,0.460768825
CreativeDestruction,0.76781587
Bastion,0.957466203
Sid Meier's Civilization IV: Beyond the Sword,0.949312405
The Guest,0.767063347
BioShock Infinite,0.948152006
The Vagrant,0.888192749
Pinball Arcade,0.694770908
The Witcher Adventure Game,0.761576781
Space Pirates and Zombies,0.909889941
FlatOut 4: Total Insanity,0.454557283
Devil May Cry HD Collection,0.834095041
Motorcycle Club,0.141382869
Factory Town,0.868011413
Point Perfect,0.670135791
Sid Meier's Civilization V,0.953576128
S.T.A.L.K.E.R.: Call of Pripyat,0.950411642
Last Heroes 2,0.719298246
Hentai 3018,0.689832316
Project Warlock,0.863613836
Outlast,0.954238567
Cargo! - The quest for gravity,0.756499683
Whispers of a Machine,0.943859649
Mark of the Ninja: Remastered,0.93784225
Carcassonne: The Official Board Game,0.736310473
Magicka 2,0.751923374
Cthulhu Saves the World ,0.919332312
Return to Castle Wolfenstein,0.907769424
Zup!,0.933460595
Love Letter,0.881809788
Idle Wizard,0.782141922
Gratuitous Space Battles,0.719715336
The Testament of Sherlock Holmes,0.811087249
Contagion,0.682349814
Splody,0.982177666
BattleBlock Theater,0.970216708
Viral Cry,0.34502924
EverQuest Free-to-Play,0.699027249
Arma 3,0.880382151
ArcheAge,0.453199472
The Bard's Tale,0.746288799
The Search,0.632183908
Mashinky,0.859764449
Trove,0.750159263
The Coin Game,0.914180355
Divinity: Original Sin 2,0.940642441
Hyperdrive Massacre,0.490685477
Pixplode,0.91682911
RAGE,0.736401937
Out of the Park Baseball 17,0.905829089
Fantasy Blacksmith,0.541113654
Gelu,0.822714681
MONMUSU,0.712617661
嗜血印 Bloody Spell,0.777858812
Arcanum,0.857302118
Waves,0.934846788
"Warhammer 40,000: Dawn of War - Winter Assault",0.874877811
Graveyard Keeper,0.727219673
Deus Ex: Mankind Divided™,0.647113676
Resident Evil,0.893579661
Jet Set Radio,0.82415209
Supreme Commander,0.851756531
Lead and Gold - Gangs of the Wild West,0.69646338
Hamilton's Great Adventure,0.630186578
Might & Magic X - Legacy ,0.627482147
DYNASTY WARRIORS 9,0.150586471
Hidden Folks,0.961332207
Supreme Commander: Forged Alliance,0.962012751
Aqua Fish,0.409048939
Grand Theft Auto V,0.666041091
"Warhammer 40,000: Dawn of War - Soulstorm",0.937923293
Endangered,0.401169591
Frontlines: Fuel of War,0.576403942
Sentinels of the Multiverse,0.845181897
For Honor,0.520620031
Saints Row 2,0.737498416
Idle Bouncer,0.861300309
Osiris: New Dawn,0.627112497
Citadels,0.044534413
Humanity Asset,0.236880079
Hexcells Infinite,0.962108746
Fighters Unleashed,0.037593985
INSIDE,0.949077316
"Gremlins, Inc.",0.836715002
The Final Station,0.819270398
Multimirror,0.375041377
Path of Exile,0.911617417
Clock Simulator,0.878286502
Coffee Shop Tycoon,0.839598997
Dungeon Lords Steam Edition,0.698545976
Agents of Mayhem,0.538011696
Crusaders of the Lost Idols,0.821324529
Weapon Shop Fantasy,0.772961817
Paint the Town Red,0.895238956
Axis Football 2015,0.660123281
"Papers, Please",0.953598497
Finding Paradise,0.979390351
CITYCONOMY: Service for your City,0.339525284
Flywrench,0.951182303
Card City Nights,0.889760766
Hammerwatch,0.887679609
Nice Way,0.700584795
Hobo: Tough Life,0.629261834
Karos,0.486907179
Ghost Files: The Face of Guilt,0.677000721
Final Fantasy III (3D Remake),0.780530294
Dying Light,0.917807034
Osteya,0.547960811
Accounting+,0.744816587
Risk of Rain 2,0.942006842
Nyasha Land of Elves,0.693779904
A Date in the Park,0.846938605
What Remains of Edith Finch,0.948719167
Thief,0.672072431
Zombie Vikings,0.781400404
Saints Row IV,0.905950933
Bloons TD 6,0.632562502
Dark Elf,0.885096501
Amnesia: A Machine for Pigs,0.628619318
Hero and Daughter+,0.875243665
AirMech Strike,0.821933689
Ticket to Ride,0.819355096
Star Trek Online,0.732339823
THE GAME OF LIFE ,0.680918113
LEGO® DC Super-Villains,0.848536296
All Our Asias,0.793167129
Crisis in the Kremlin,0.817923187
Call of Duty: Black Ops,0.871269195
Stream Avatars,0.917592146
NVIDIA® VR Funhouse,0.780765784
Planet RIX-13,1
Unturned,0.890919439
Pixel Galaxy,0.903508772
iBomber Defense Pacific,0.81323606
Pure Farming 2018,0.633248025
Call of Duty: World at War,0.921001859
Gary Grigsby's War in the East,0.932631579
TimeShift,0.771705479
Magicka,0.903602335
FIST OF AWESOME,0.565847953
Governor of Poker 3,0.678986175
DON'T touch the walls,0.820350877
Call of Duty: Modern Warfare 2,0.903354879
ARCADE GAME SERIES: DIG DUG,0.777608272
Victoria II,0.867978785
ARCADE GAME SERIES: GALAGA,0.834986828
Postal 3,0.29034987
DOG GONE GOLFING,0.679197995
Guacamelee! 2,0.940443933
Last Heroes,0.679197995
The Coma: Recut,0.830315338
Project Zomboid,0.852807733
Belko VR: An Escape Room Experiment,0.85060364
Battle Islands,0.733316645
NARUTO SHIPPUDEN: Ultimate Ninja STORM Revolution,0.782942883
Hentai Girl Linda,0.935470861
Alien Spidy,0.554179566
Alan Wake,0.903338047
Prison Run and Gun,0.903759398
Bang Bang Racing,0.769247681
The Haunted: Hells Reach,0.845327605
Dishonored 2,0.782206177
Marble Duel,0.624145108
Game Dev Tycoon,0.944033085
Phantasmagoria 2,0.763619575
Kathy Rain,0.924206119
Blue Estate,0.900365248
Phantasmagoria,0.834216413
Serious Sam's Bogus Detour,0.832864604
Crysis 2 Maximum Edition,0.80286174
Total War: EMPIRE - Definitive Edition,0.884056871
GabeN: The Final Decision,0.568151147
SpeedRunners,0.926770173
Line of Sight,0.520772026
Danganronpa V3: Killing Harmony,0.831770452
Crash Bandicoot™ N. Sane Trilogy,0.929824561
Ding Dong XL,0.990150815
3D Arcade Fishing,0.663157895
DollKart,1
NARUTO TO BORUTO: SHINOBI STRIKER,0.496639634
Doki Doki Literature Club,0.964076263
Shark Dating Simulator XL+,0.899691592
Aegis Defenders,0.783679382
The Long Dark,0.903779867
Satellite Repairman,0.598997494
Dungelot : Shattered Lands,0.795853269
eXceed - Gun Bullet Children,0.423857974
Remothered: Tormented Fathers,0.753418275
eXceed 2nd - Vampire REX,0.853327011
My Time At Portia,0.894597121
eXceed 3rd - Jade Penetrate Black Package,0.913141343
Legion TD 2,0.705350333
Trouble In The Manor,0.534889003
Redactem,0.66790215
Rayman Origins,0.921133703
Santa Rockstar Steam Edition,0.75048733
Star Trek Timelines,0.456706282
Flix The Flea,0.325152259
Domina,0.854344749
Counter-Strike Nexon: Studio,0.602525595
Monsters' Den: Godfall,0.806260749
Headsnatchers,0.812865497
ACE COMBAT™ 7: SKIES UNKNOWN,0.709173988
GUILTY GEAR 2 -OVERTURE-,0.679197995
TrackMania Nations Forever,0.852909443
WITCH-BOT MEGLILO,0.98189021
Sherlock Holmes: Nemesis,0.692479607
Fell Seal: Arbiter's Mark,0.918710804
Dracula: Origin,0.636501325
Gunnheim,0.35118072
AVSEQ,0.384267119
Genital Jousting,0.900741654
Bounty Train,0.668135857
MOAI 3: Trade Mission Collector's Edition,0.897926635
Seven Kingdoms 2 HD,0.77085571
Tap Heroes,0.720486653
The Messenger,0.947803393
Sherlock Holmes: The Awakened - Remastered,0.757631965
Lobotomy Corporation,0.880714577
The Gardens Between,0.929041936
Far Cry Primal,0.732723001
The Elder Scrolls Online,0.711277488
NEKOPALIVE,0.917208099
Pictopix,0.937417314
Neverwinter,0.750251584
MOAI: Build Your Dream,0.771929825
Nex Machina,0.859856436
Devil May Cry 5,0.912786563
Getting Over It with Bennett Foddy,0.764305192
The Tower of Five Hearts,1
Vikings - Wolves of Midgard,0.521827825
Not Dying Today,0.761403509
The Political Machine 2016,0.741865242
HoPiKo,0.734892788
"Calm Down, Stalin",0.85377397
Rocketbirds 2 Evolution,0.737305528
Hob,0.875243665
UNO,0.541827432
Crystals of Time,0.600966129
Bit Heroes,0.72688478
Event[0],0.77530445
Dead Synchronicity: Tomorrow Comes Today,0.82839194
Barony,0.878463183
ENDLESS™ Space - Definitive Edition,0.776699292
Superflight,0.960135807
Tree of Savior (English Ver.),0.564967609
Godot Engine,0.963443492
HITMAN™ 2,0.84314645
GRID 2,0.774192868
GoNNER,0.839033542
DOOM 3: BFG Edition,0.816703951
Extreme Roads USA,0
The Evil Within 2,0.908185743
Game Tycoon 1.5,0.034315348
Two Point Hospital,0.815588868
State of Mind,0.827890895
Endless Fables 2: Frozen Path,0.856050383
Resident Evil 0,0.829562319
Yu-Gi-Oh! Duel Links,0.726760883
Blossoms Bloom Brightest,0.669067405
Roadclub: League Racing,0.848269322
Bean Battles,0.814794718
Legend of Himari,0.964355332
Ultimate General: Gettysburg,0.794797338
Lexica,0.7265892
Super Star,0.772649767
Iron Fisticle,0.875243665
Obduction,0.776533532
CrocoMars,0.79252479
The Land of Pain,0.691442347
Sherlock Holmes: Crimes and Punishments,0.912028564
F1 2012,0.878241507
Ember,0.731460367
Slipstream,0.859153183
Tricky Towers,0.889098236
STAR WARS™ Knights of the Old Republic™ II: The Sith Lords™,0.878326287
Paperbound,0.870445345
Dark Strokes: The Legend of the Snow Kingdom Collector’s Edition,1
Hotline Miami 2: Wrong Number,0.90869606
CastleStorm,0.882528706
Heroes & Legends: Conquerors of Kolhar,0.547758284
911 Operator,0.814813892
Batman™: Arkham Knight,0.683849771
GROOVY,0.563868349
Broforce,0.962948628
Shakes and Fidget,0.853630646
Duck Season,0.841411438
SUPER DRAGON BALL HEROES WORLD MISSION,0.834600666
Marble It Up!,0.939956844
Surfingers,0.787799774
Grand Theft Auto III,0.845993917
Fictorum,0.698263747
Grand Theft Auto: Vice City,0.913540903
INVASION!,0.896478785
VRChat,0.871964321
Grand Theft Auto: San Andreas,0.879108129
HuniePop,0.956782384
Manhunt,0.610748248
Max Payne,0.888002511
Apotheon,0.891297425
Max Payne 2: The Fall of Max Payne,0.927885434
Star Realms,0.76819468
Always Sometimes Monsters,0.72357034
Grand Theft Auto 2,0.905036223
The Crew,0.631219742
Bully: Scholarship Edition,0.80710639
SCP: Secret Laboratory,0.824414416
Leisure Suit Larry - Wet Dreams Don't Dry,0.879975801
Grand Theft Auto IV: The Complete Edition,0.607682945
The Occupation,0.670901392
Rogue Legacy,0.928942031
Sky Force Reloaded,0.926773456
Elven Assassin,0.865416967
Thing-in-Itself,0.736625515
Headlander,0.889127206
RPG MO,0.756333508
Brigador: Up-Armored Edition,0.925055357
Drizzlepath: Genie,0.594062078
WARRIORS OROCHI 4 - 無双OROCHI３,0.835237414
FlatOut: Ultimate Carnage,0.812627715
Red Faction Guerrilla Re-Mars-tered,0.743127604
Darkwood,0.934726901
Kill to Collect,0.719298246
Battle Ranch,0.436540068
Batman™: Arkham Origins,0.834568838
Flight of the Paladin,0.46329166
My Big Sister,0.933166248
Railway Empire,0.784775113
Pony Island,0.95160711
Kingdoms and Castles,0.832454854
Crazy Chicken,0.863187381
Valentino Rossi The Game,0.750940989
Skater XL,0.812044217
BoomTown! Deluxe,0.758164643
Bejeweled 3,0.9494014
Guns of Icarus Online,0.89916232
Endless Fables: The Minotaur's Curse,0.901890649
FINAL FANTASY TYPE-0 HD,0.553306905
Resident Evil: Operation Raccoon City,0.461551656
L.A. Noire,0.84161244
GOD EATER 2 Rage Burst,0.749960296
勇士冲冲冲,0.697705803
MINDNIGHT,0.80915187
Street Fighter X Tekken,0.496722514
Goodbye Deponia,0.876921625
Call of Duty: Ghosts,0.52910308
Versus Squad,0.792857406
Stealth Bastard Deluxe,0.880797885
Coloring Pixels,0.95785962
Turok,0.951413804
VTOL VR,0.938670205
Turok 2: Seeds of Evil,0.937442068
Sherlock Holmes and The Hound of The Baskervilles,0.80410601
MOBIUS FINAL FANTASY,0.656620352
Deity Quest,0.795853269
Driftpunk Racer,0.157894737
CarX Drift Racing Online,0.877285265
Assassin's Creed IV Black Flag,0.861553686
Fortix 2,0.900342573
Disgaea PC,0.863496643
NEKOPARA Vol. 3,0.971217383
My 1/6 Lover,0.853327011
Dying Light: Bad Blood,0.674562128
Celeste,0.968932405
Last Day of June,0.856365653
"The Haunted Island, a Frog Detective Game",0.950097466
Kung Fury: Street Rage,0.890408353
Joe Danger 2: The Movie,0.519257914
Lowglow,0.917518915
AZMD! Scorepocalypse ,0.724222838
Friday the 13th: The Game,0.6666146
Hard West,0.757197147
Lofi Ping Pong,0.932631579
Sleeping Dogs: Definitive Edition,0.877369096
You Are Not a Banana: Better Edition,0.585425101
Placement,0.719298246
Depth,0.849232859
Snuggle Truck,0.795163585
Thimbleweed Park,0.931819911
Angels of Death,0.936496531
Influent,0.712534348
Battlerite,0.816734511
TDP4:Team Battle,0.359187443
Mortal Kombat X,0.719513884
Digimon Masters Online,0.637890714
Nyasha Valkyrie,1
Russian Fishing 4,0.623247692
Mini Motor Racing EVO,0.603923193
Refunct,0.947686686
Rec Room,0.930899458
Dark Void Zero,0.419813474
Fated Souls 3,0.839598997
Divinity: Original Sin Enhanced Edition,0.885740449
Dead Rising 2,0.712448107
Ultra Street Fighter IV,0.86353613
Dead Rising 2: Off the Record,0.76053577
Magrunner: Dark Pulse,0.813487206
Kingdom Two Crowns,0.619678126
1993 Space Machine,0.570901777
Call of Duty: Advanced Warfare,0.567805954
Sunrider Academy,0.824306881
Guts and Glory,0.780981116
Death Squared,0.986138185
Cortex Command,0.642999911
hack_me 2,0.676048127
Twilight Struggle,0.84344303
Reigns: Game of Thrones,0.759120986
Gold Rush! Classic,0.680770554
Back to Bed,0.791190865
Unreal II: The Awakening,0.669762642
The Assembly,0.716769401
Stories: The Path of Destinies,0.855953344
Unreal Tournament 3: Black Edition,0.884048904
Unreal Tournament 2004,0.967454869
Bob Came in Pieces,0.664315428
Tarim: Guardians,0.786131997
Unreal Tournament: Game of the Year Edition,0.966811071
Tricolour Lovestory,0.899371069
Nuclear Throne,0.954972093
Until I Have You,0.758648959
Umineko When They Cry - Question Arcs,0.972780436
Canyon Capers,0.3713696
The Forest,0.916444062
Midair,0.489238561
Octave,0.702504124
Hentai Girl Hime,0.918185894
140,0.925639876
Elves Adventure,0.186932849
Corridor Z,0.795853269
Steam Heroes,0.231121281
Verdun,0.812568525
Prince of Persia: Warrior Within,0.850391149
Ziggurat,0.852358169
Bomber Crew,0.871940013
Far Cry,0.815590757
Space Run,0.847308776
Prince of Persia: The Two Thrones,0.741801762
Tom Clancy's Rainbow Six: Vegas,0.75048733
Banished,0.884748088
Tom Clancy's Splinter Cell: Chaos Theory,0.918000531
PLAYNE,0.958921694
Virginia,0.622636358
Prince of Persia: The Sands of Time,0.856261851
Greyfox,0.702362453
Color Party,0.166949632
Carmageddon: Max Damage,0.732319642
Contractors VR,0.845501754
Geneshift,0.809871345
No Man's Sky,0.471157633
A Robot Named Fight,0.888092324
Dakar 18,0.576509512
Syberia,0.875880176
Syberia 2,0.8279392
Betrayer,0.795853269
The Uncertain: Last Quiet Day,0.779233028
Snood,0.639097745
Mushroom 11,0.81143699
Avadon: The Black Fortress,0.795853269
Apocalipsis,0.7266209
Memoria,0.897377854
Hired Ops,0.489586819
Swarm Arena,0.740890688
Terraforming Mars,0.431928991
Premium Bowling,0.921664627
PickCrafter,0.770120488
Crazy Max VR,0.064327486
My Colony,0.550877193
Super Cyborg,0.886457717
DARK SOULS™ III,0.898742371
DARK SOULS™: REMASTERED,0.644646584
Ravenfield,0.93405479
War Robots,0.380956843
天岚行 - Through the Mist and Sky,0.962984384
The Shapeshifting Detective,0.835601465
- Arcane Raise -,0.292143402
Foxhole,0.772226788
Nights of Azure 2,0.748778339
Legend of Mysteria,0.654812708
Age of History II,0.770170294
Beat Stickman: Infinity Clones,0.550877193
Flem,0.937621832
Watch_Dogs,0.632256046
NEKO-NIN exHeart,0.961741391
Keep Talking and Nobody Explodes,0.977965392
Sanctum 2,0.889216143
THE KING OF FIGHTERS XIV STEAM EDITION,0.783847805
Holy Potatoes! We’re in Space?!,0.635596405
Hatred,0.750948536
The Witness,0.816725414
BomberZone,0.603715171
The Legend of Heroes: Trails of Cold Steel,0.951320337
Gas Guzzlers Extreme,0.840750201
GizmoVR Video Player,0.809334657
Agatha Christie - The ABC Murders,0.763901989
Last Days of Spring Visual Novel,0.561570594
BATTLETECH,0.703721819
ADventure Lib,0.36920954
The Crown of Leaves,0.972138783
Sonic Forces,0.633447881
MechWarrior Online,0.719693601
Donut County,0.816761939
!Anyway!,0.636738906
Ara Fell: Enhanced Edition,0.948513259
Golden Dungeons,0.430689399
"Invisible, Inc.",0.920553342
Hard Reset Redux,0.786749139
Guardians of Orion (Phase 2),0.504661708
They Bleed Pixels,0.839808947
Take On Mars,0.509236668
Primal Fears,0.538572459
Project Rhombus,0.917686541
Golf It!,0.78920807
11-11 Memories Retold,0.928836175
Sid Meier's Ace Patrol,0.643459526
GOD EATER 3,0.741809516
Sid Meier's Ace Patrol: Pacific Skies,0.581562603
Monaco,0.894692906
Miko Mole,0.578947368
Stack,0.438596491
Cladun Returns: This Is Sengoku!,0.734072022
Offspring Fling!,0.812518309
BlazBlue Cross Tag Battle,0.702167806
Sakura Beach 2,0.709117352
Sword Daughter,0.431832594
Homeworld Remastered Collection,0.850328594
Deadlight,0.771237652
The Blackwell Legacy,0.874198585
Pizza Express,0.837011885
Assetto Corsa,0.851027592
Heroes Never Lose: Professor Puzzler's Perplexing Ploy,0.861571738
The Binding of Isaac,0.95217812
The Count Lucanor,0.945694301
12 Labours of Hercules,0.931229723
Conan Exiles,0.659053314
HyperRogue,0.928548644
Absolver,0.619118058
Trailer Park Boys: Greasy Money,0.662654394
Mahjong,0.725536063
The Free Ones,0.771974924
Thief Gold,0.907526189
Tetraminos,0.387559809
Tom Clancy's Rainbow Six: Lockdown,0.442127331
NOBUNAGA'S AMBITION: Souzou SengokuRisshiden,0.524665322
Dead Space 2,0.941337022
BallisticNG,0.895656536
Medal of Honor(TM) Single Player,0.664065164
RISK Factions,0.611824392
Dragon Age: Origins - Ultimate Edition,0.914499906
Ben 10,0.832773423
FINAL FANTASY XV WINDOWS EDITION,0.745283028
Message Quest,0.846211273
Polandball: Can into Space!,0.951182303
Men of War: Assault Squad 2,0.830499164
Rayman: Raving Rabbids,0.718418303
APB Reloaded,0.584193924
Assassin's Creed,0.81104971
Need for Speed: Hot Pursuit,0.780268726
Fallen Earth Classic,0.501714739
Tom Clancy's Rainbow Six: Vegas 2,0.831468071
The Sims™ 3,0.802486741
Beyond Good & Evil,0.896046737
Crab Dub,0.680669564
Hatoful Boyfriend,0.933798184
Heroes of Might & Magic V,0.857408963
Conflict Desert Storm,0.777353832
Brothers in Arms: Road to Hill 30,0.844916158
X-Morph: Defense,0.923270591
UNDER NIGHT IN-BIRTH Exe:Late[cl-r],0.933478219
Dinosaur Forest,0.499644634
Starbound,0.8929486
Epigenesis,0.616870748
LIMBO,0.930717091
NEKOPARA Extra,0.979073648
Halo: Spartan Assault,0.777563174
Tom Clancy's Ghost Recon,0.913035601
Yakuza Kiwami,0.916775965
The Horus Heresy: Legions,0.668261564
MagNets,0.795853269
Unexplored,0.93075199
Baba Is You,0.977984176
Heroes of Might & Magic V: Tribes of the East,0.910175439
Human Resource Machine,0.92609975
Party Hard 2 ,0.822147368
StarMade,0.66966196
When Ski Lifts Go Wrong ,0.89426481
Assassin's Creed Brotherhood,0.862841852
CODE OF PRINCESS,0.52998776
Orbiz,1
ChromaGun,0.893661731
Higurashi When They Cry Hou - Ch.1 Onikakushi,0.960823203
BUTCHER,0.90212373
Star Conflict,0.725651628
Anno 2205,0.587154538
Space Engineers,0.845495451
Murderous Pursuits,0.563125997
The Wonderful End of the World,0.717730079
Viridi,0.894144281
Daddy,0.455608719
Reventure,1
"About Love, Hate and the other ones",0.885167464
Circle Empires,0.834030766
Pro Cycling Manager 2016,0.553057401
Vindictus,0.678946681
Nick,0.757825937
"Warhammer 40,000: Dawn of War II",0.867149459
DiRT Rally,0.86076479
Unfortunate Spacemen,0.775438596
Oddworld: Abe's Oddysee,0.843985947
Holiday Bonus GOLD,0.568151147
ATLAS,0.264691754
Oddworld: Abe's Exoddus,0.936891409
Oddworld: Munch's Oddysee,0.706021812
Swords and Soldiers 2 Shawarmageddon,0.841655421
Crash Drive 2,0.84379682
The Isle,0.649979102
Mystery Chronicle: One Way Heroics,0.608718767
Skullgirls 2nd Encore,0.937836134
NEON STRUCT,0.783494611
Pikuniku,0.926866975
GUILTY GEAR Xrd -SIGN-,0.916322712
Geometry Wars 3: Dimensions Evolved,0.888830988
Seek Girl,0.912201556
The Lord of the Rings Online™,0.78293806
Castle Clicker,0.568421053
Flashing Lights,0.658644097
Mount & Blade: Warband,0.968178626
DYNASTY WARRIORS 8: Xtreme Legends Complete Edition,0.784599533
Onikira: Demon Killer,0.326315789
"Dr. Langeskov, The Tiger, and The Terribly Cursed Emerald: A Whirlwind Heist",0.927308173
Mount & Blade: With Fire and Sword,0.83753101
We. The Revolution,0.730154114
Ashes of the Singularity: Escalation,0.738030197
Reigns,0.882184621
Zzzz-Zzzz-Zzzz,0.752208107
LOGistICAL,0.754385965
NAIRI: Tower of Shirin,0.896583564
Tom Clancy's Ghost Recon Future Soldier,0.611348996
KHOLAT,0.647211125
Stormworks: Build and Rescue,0.883565797
Street Fighter V,0.431979162
Battlefleet Gothic: Armada 2,0.699721572
Flower,0.917914891
FTL: Faster Than Light,0.958684151
Aporia: Beyond The Valley,0.827510806
Herding Dog,0.593878312
Rise of Industry,0.826537424
Drawful 2,0.872564847
Democracy 3,0.70565046
Riders of Icarus,0.617545168
The Way,0.850613659
Syndrome,0.632928475
Trials Fusion,0.60676178
The Uninvited: MacVenture Series,0.915789474
Pinball FX3,0.766178332
Generation Zero®,0.384112741
Desolate,0.66420151
Among the Heavens,0.82413866
Heart's Medicine - Hospital Heat,0.956091346
Tacoma,0.835527229
Greed Corp,0.836507758
Knight Adventure,0.295493636
Quantum Break,0.822146926
A Story About My Uncle,0.905772813
Tropico 5,0.731003183
Underhero,0.9075879
Call of Duty: Black Ops III,0.562363797
Pointless,0.491702228
Zquirrels Jump,0.83365822
Tyler: Model 005,0.775438596
Skyborn,0.859741398
Delicious! Pretty Girls Mahjong Solitaire,0.861139951
Zero Escape: Zero Time Dilemma,0.904821657
Doorways: The Underworld,0.697705803
SpellForce 3 Reforced,0.681354838
Yakuza 0,0.854531176
Project Hospital,0.783520497
Naval Action,0.557291986
Titan Quest Anniversary Edition,0.900709413
Red Matter,0.977984176
Labyrinthine Dreams,0.77385159
METAL GEAR SOLID V: GROUND ZEROES,0.803028566
Scanner Sombre,0.847126507
The Ditzy Demons Are in Love With Me,0.979478723
Darksiders III,0.671092077
TinyKeep,0.631533614
BioShock Remastered,0.58252416
BioShock 2 Remastered,0.437394342
Pixel Puzzles 2: Birds,0.745039454
Lara Croft GO,0.869401601
Man O' War: Corsair,0.601209921
Trials 2: Second Edition,0.81657113
BlackSmith HIT,0.749869724
Dreadnought,0.454479276
Fallout 4,0.672881973
Nephise: Ascension,0.827260459
LEGO® Batman™ 2: DC Super Heroes,0.868085514
Thief Simulator,0.751115824
Path to Mnemosyne,0.946532999
Borderlands 2,0.920480824
Daemon Detective Gaiden,0.827260459
Enter the Gungeon,0.933402133
Pacify,0.86151054
Costume Quest,0.917121451
Beholder,0.888654801
Quell,0.984477322
Sid Meier's Civilization IV: Colonization,0.749019608
DiggerOnline,0.386017914
Beat Hazard,0.944402068
LEGO® Pirates of the Caribbean The Video Game,0.786729393
MOAI 4: Terra Incognita Collector’s Edition,0.663157895
GROUND BRANCH,0.783609968
F1 2018,0.773351996
Western Press,0.611795446
Alien Shooter TD,0.839188765
DOKA 2 KISHKI EDITION,0.85850217
DRAGON QUEST HEROES™ II,0.66533618
Sonic Adventure™ 2 ,0.816582071
ENKI,0.590977444
Zengeon,0.838425332
CreaVures,0.802322708
Kingdom Rush,0.96131916
South Park™: The Stick of Truth™,0.97220971
Tribes: Ascend,0.762251633
Reign Of Kings,0.521532461
侠客风云传(Tale of Wuxia),0.769801071
fault - milestone two side: above,0.975540511
Tactical Monsters Rumble Arena,0.887632191
Children of the Nile,0.804281345
EARTH DEFENSE FORCE 4.1  The Shadow of New Despair,0.934714836
Soldiers Lost Forever (1914-1918),0.518796992
Army General,0.486716792
Armored Warfare,0.549247969
CRIMSON METAL,0.432808826
EARTH DEFENSE FORCE 4.1  WINGDIVER THE SHOOTER,0.752982456
Disgaea 5 Complete,0.792115079
Project Lounge,0.719298246
Last Heroes 4,0.591706539
In Exilium,0.620870357
The Typing of The Dead: Overkill,0.851688605
英语杀,0.285486444
Grimoire Chronicles,0.679197995
Wargroove,0.781000488
Nimbus,0.940592221
Ball of Wonder,0.625730995
Plague Inc: Evolved,0.925894737
Flat Heroes,0.898585172
Academia : School Simulator,0.653065247
恋爱模拟器 Love Simulation,0.537150086
Sally Face,0.962671851
Chasm,0.642026414
月夜下的紅茶杯 ~ Blacktea With Moon,0.952823234
Joe Dever's Lone Wolf HD Remastered,0.718761532
Crysis,0.804974896
Spirits of Xanadu,0.773931473
Abalone,0.493636051
Mafia II (Classic),0.937453242
Simply Chess,0.717278809
Disney Infinity 3.0: Gold Edition,0.739023234
Spore,0.867874185
FINAL FANTASY IX,0.913116124
Mirror's Edge,0.870011809
DARIUSBURST Chronicle Saviours,0.834130781
Need for Speed: Undercover,0.646341962
McOsu,0.872408293
Spore: Creepy & Cute Parts Pack,0.80674578
Dragon Age: Origins,0.92127735
Police Helicopter Simulator,0.417803768
Crashday Redline Edition,0.864860615
Mass Effect (2007),0.9305867
Dead Space,0.88435694
Command and Conquer: Red Alert 3,0.816968541
KNIGHTS,0.947829169
System Shock: Enhanced Edition,0.878442545
Victor Vran,0.864208835
Zombie Panic! Source,0.833967705
Viscera Cleanup Detail,0.911192136
Spec Ops: The Line,0.916112119
Divine Divinity,0.866645074
"Pirates, Vikings, & Knights II",0.852188717
MEDIEVAL: Total War™ - Gold Edition,0.62859676
Rain World,0.832216906
Duck Game,0.95162524
Talisman: Digital Edition,0.720502974
Help,0.122807018
"Cook, Serve, Delicious!",0.940931353
Tales of Vesperia: Definitive Edition,0.880667853
Grim Legends 2: Song of the Dark Swan,0.961528186
LIGHTNING RETURNS: FINAL FANTASY XIII,0.777716267
Kansei,0.438596491
Forts,0.764904252
Save Jesus,0.881739852
Crypt of the NecroDancer,0.959274846
Picross Touch,0.903759398
Nuclear Dawn,0.765993434
King's Quest,0.874158272
TO THE TOP,0.885573807
Burn Zombie Burn,0.339107262
Serious Sam: Tormental,0.881809788
Sniper Elite 4,0.832390668
AMID EVIL,0.981033665
Infinity Runner,0.625730995
Lumo,0.712100765
Super Golf 2018,0.827260459
Putrefaction,0.628725146
This Is the Police,0.808049214
All-Star Fruit Racing,0.805227354
Final Fantasy IV (3D Remake),0.806156902
Call of Duty: WWII,0.511274378
Alien: Isolation,0.917014338
Them's Fightin' Herds,0.90053673
Fahrenheit: Indigo Prophecy Remastered,0.786473927
Ether Vapor Remaster,0.745866724
Without Within,0.870896755
Fairy Bloom Freesia,0.847139887
Mutant Mudds Deluxe,0.71040724
"On the Rain-Slick Precipice of Darkness, Episode One",0.891839691
Aragami,0.879652325
Echo Tokyo: An Intro,0.617594712
"On the Rain-Slick Precipice of Darkness, Episode Two",0.816847083
DeathSpank,0.933492268
DeathSpank: Thongs Of Virtue,0.858667648
Slingshot people,0.396556915
Hitman: Contracts,0.816780445
Creed: Rise to Glory™,0.808301241
The Lord of the Rings: Adventure Card Game - Definitive Edition,0.678176332
The Baconing,0.776645916
Creeper World 3: Arc Eternal,0.959866799
ELEX,0.722358366
The Surge,0.71158915
Cities XXL,0.224110787
Paladins,0.819855699
Men of Valor,0.650353955
Space Rangers HD: A War Apart,0.945197476
The Bad Gravedigger,0.625730995
MELTY BLOOD Actress Again Current Code,0.900629031
Guacamelee! Gold Edition,0.927283239
DeoVR Video Player,0.828276574
Shadows on the Vatican - Act II: Wrath,0.723899914
The Basement Collection,0.82197982
Boxing Fighter : Super Punch,0.251461988
IOSoccer,0.705235032
Stranded Deep,0.708996653
World of Tanks Blitz,0.664786936
Pathfinder: Kingmaker,0.679122414
SimpleRockets 2,0.843469263
Farming Simulator 15,0.893937768
Painkiller Hell & Damnation,0.738819471
Deadly Premonition: The Director's Cut,0.651831
→SUMETRICK←,0.696538644
Neon Hardcore,0.544807966
ESCHATOS,0.947162022
Besiege,0.943785465
Total War: ROME II - Emperor Edition,0.667201656
Glass Masquerade 2: Illusions,0.933006741
Crazy Machines 2,0.408472401
Human: Fall Flat,0.903157036
Project CARS 2,0.669606896
Mountain,0.863301041
ARK: Survival Evolved,0.646649865
Let's Draw,0.451111856
Pinga Ponga,0.391812865
Balloon Blowout,0.355425601
BIGFOOT,0.642780721
Trials Rising,0.487478591
Hell Girls,0.890573892
Defense Grid: The Awakening,0.962901405
DYNASTY WARRIORS 7: Xtreme Legends Definitive Edition,0.81101268
"Warhammer 40,000: Mechanicus",0.888947019
Krita,0.728237791
Permute,0.494736842
Zup! 3,0.861378365
Farm Together,0.896820398
Skautfold: Shrouded in Sanity,0.833514822
SENRAN KAGURA SHINOVI VERSUS,0.942986632
Creativerse,0.770484692
BrainBread 2,0.649102137
Bloons TD Battles,0.821381537
World War 3,0.584130193
Mighty Party,0.585975561
Secret World Legends,0.637659887
And Yet It Moves,0.654276935
LEGO® Batman™ 3: Beyond Gotham,0.840751652
Clickteam Fusion 2.5,0.883960265
Tomb Joe,0.300404858
Super Inefficient Golf,0.795853269
Sakura Spirit,0.764529096
Conarium,0.790934071
Cylne,0.429393155
Hero of the Kingdom II,0.936828004
Will To Live Online,0.677796642
The Hex,0.955712949
Rocketbirds: Hardboiled Chicken,0.766524834
Freedom Planet,0.950695705
Zaccaria Pinball,0.748336358
Wonder Boy: The Dragon's Trap,0.881151347
Guns of Icarus Alliance,0.716612105
Kingdom Come: Deliverance,0.734307164
Zero Escape: The Nonary Games,0.938635363
Sky Battles,0.236491228
Other worlds India,0.4692185
Silent Hill: Homecoming,0.464921847
CURSE,0.563352826
A Boy and His Blob,0.642880787
Home,0.633513526
Dokkaebi Hentai Adventures,0.556786704
Merchant,0.769680612
Zeno Clash 2,0.718197455
Let`s not stay friends,0.860809048
Doorways: Prelude,0.617594712
THOTH,0.833039848
Aeon,0.727052437
Assetto Corsa Competizione,0.845627917
Marble Age,0.820850828
Big Bang Empire,0.556337653
FINAL FANTASY IV: THE AFTER YEARS,0.578947368
Fight'N Rage,0.930533404
Hatsune Miku VR,0.72256222
Dead Rising 4,0.400535236
DEAD OR ALIVE 6,0.590101892
Dream Pinball 3D,0.216309651
Deadly Days,0.85354691
The Haunting of Billy Classic,0.72688478
The Drone Racing League Simulator,0.70355796
Toribash,0.861880421
Expeditions: Viking,0.813156531
Wrench,0.806668991
AdVenture Capitalist,0.879626815
Closers,0.70513762
Door Kickers,0.936623056
Avorion,0.875452287
The Dark Stone from Mebara,0.578096757
DOOM,0.921440686
Yrminsul,0.557682084
Draw a Stickman: EPIC,0.72991645
Bionic Heart,0.716674864
Evolvation,0.689808179
InnerSpace,0.622873978
Jagged Alliance 2 - Wildfire ,0.681221982
Adventures of Abrix,0.645429363
STAR OCEAN™ - THE LAST HOPE™ - 4K & Full HD Remaster,0.655115751
Just Ski,0.77163247
Jet Gunner,0.74405231
Neos VR,0.892037787
BOXVR,0.870014357
The Escapists 2,0.79041654
Drunken Fight Simulator,0.524966262
NekoMiko,0.974089069
Risk of Rain,0.926545335
Evergarden,0.933952529
Lovecraft's Untold Stories,0.890753912
Homeworld: Deserts of Kharak,0.76006741
Go Home Dinosaurs!,0.936920954
NEO Scavenger,0.890332077
FAR: Lone Sails,0.917609196
RUSSIA BATTLEGROUNDS,0.691434469
Puzzle Chambers,0.863072314
MapleStory,0.640239175
Stick Fight: The Game,0.886468215
NARUTO SHIPPUDEN: Ultimate Ninja STORM 2,0.781598635
Munin,0.814241487
STEINS;GATE,0.975048733
MudRunner,0.812465466
Spirit of Maya,0.589216944
FootRock 2,0.79377014
Low Magic Age,0.900843017
The Thin Silence,0.881809788
Frankenstein: Master of Death,0.820582384
Ultimate Custom Night,0.940912143
LEGO® MARVEL Super Heroes,0.918227272
Mighty No. 9,0.434115041
Tom Clancy's Rainbow Six 3: Gold Edition,0.909615308
Stellaris,0.751592902
Risen 3 - Titan Lords,0.670643275
Carmageddon Max Pack,0.898454146
Silence,0.840389799
坦克大战：共和国之辉,0.832773423
Randal's Monday,0.732728951
Batman: The Enemy Within - The Telltale Series,0.845872012
Far Cry 2,0.722292504
Tap Tap Infinity,0.711052013
Blackguards 2,0.623699684
Western 1849 Reloaded,0.767346294
This War of Mine,0.942067133
Azusa Online,0.719298246
Stardew Valley,0.96538001
Glass Masquerade,0.973125512
Unholy Heights,0.886457717
Art Of Gravity,0.922152047
Cally's Caves 4,0.734072022
SOMA,0.950827874
Wizard of Legend,0.867248231
东方试闻广纪 ~ Perfect Memento of Touhou Question,0.954403776
Perils of Man,0.776878092
Jalopy,0.731168575
Supreme Ruler Ultimate,0.690902214
東方紺珠伝 ～ Legacy of Lunatic Kingdom.,0.992613112
NITE Team 4,0.939016871
Fishing Planet,0.731300944
Blob From Space,0.111111111
NEStalgia,0.660385532
Danganronpa 2: Goodbye Despair,0.965559495
Realm Grinder,0.809505442
SuperPower 2 Steam Edition,0.759106858
Stationeers,0.805759123
Blackguards,0.566404057
Quake Live,0.81973155
Le Havre: The Inland Port,0.679197995
Battlestar Galactica Deadlock,0.766863459
River City Melee : Battle Royal Special,0.354001442
Hidden Paws Mystery,1
The Jackbox Party Pack 4,0.82061663
Hunter's Legacy,0.688109162
The Lord of the Rings: Journeys in Middle-earth,0.744816587
Herald: An Interactive Period Drama,0.987524367
Teeworlds,0.867585987
Onechanbara Z2: Chaos,0.734365735
Catan Universe,0.316634782
SOULCALIBUR VI,0.793070463
LOST ORBIT,0.969653864
S.T.A.L.K.E.R.: Clear Sky,0.842880097
KARDS - The WWII Card Game,0.787347156
Red Faction,0.885288322
Rise of the Triad,0.641702645
"Warhammer 40,000: Dawn of War II - Chaos Rising",0.898208761
Google Earth VR,0.957117107
Blood Ties,0.471620227
Worms Armageddon,0.93079818
Circuits,0.886766342
Darwin Project,0.786638431
Conqueror's Blade,0.465871156
Zombie Training Simulator,0.894274292
100% Orange Juice,0.921790616
Doodle God,0.731918945
Winexy,0.578947368
FaeVerse Alchemy,0.629589438
Quell Reflect,0.982987773
Quell Memento,0.948963318
Dead by Daylight,0.728013776
Lovekami -Healing Harem-,0.933952529
The Jackbox Party Pack 5,0.768075928
Transport Fever,0.749916664
Shatter,0.930029553
Divine Slice of Life,0.660146535
GUILTY GEAR XX ACCENT CORE PLUS R,0.899056077
Killer Instinct,0.866875861
eden*,0.957681772
The Witcher: Enhanced Edition,0.845250279
Lucent Heart,0.418688566
The Witcher 2: Assassins of Kings Enhanced Edition,0.871443687
Games&Girls,0.699530516
LEGO® Batman™: The Videogame,0.789690945
Knock-knock,0.862513426
PUBG: BATTLEGROUNDS,0.443796808
Farming Simulator 17,0.905943348
Shogo: Mobile Armor Division,0.584145549
Watch_Dogs 2,0.770660331
Bridge Constructor,0.714811006
F.E.A.R.,0.927773612
F.E.A.R. 3,0.691110144
Jettomero,0.82199401
Hellblade: Senua's Sacrifice,0.908012588
Super Amazing Wagon Adventure,0.94146802
LEGO® Harry Potter: Years 1-4,0.757743326
Where the Water Tastes Like Wine,0.829360636
Time Warpers,0.923760017
Underrail,0.837105718
APE OUT,0.915789474
Fight The Dragon,0.77187413
"Destiny's Princess: A War Story, A Love Story",0.756499683
Allods Online RU,0.545192094
Project Winter,0.660644148
Hentai Girl Karen,0.960566851
DRAGON QUEST® XI: Echoes of an Elusive Age™,0.920002846
The Plan,0.912599681
Faerie Solitaire Harvest,0.906432749
Incoming Forces,0.498746868
BRAIN / OUT,0.773183317
[Old Edition] Croixleur Sigma,0.789048378
Hentai Memory,0.896561612
LEGO® City Undercover,0.668030837
雨鸦 - You are my sanctuary,0.969653864
Redeemer,0.756632962
Skyforge,0.520678954
80 Days,0.898947368
NARUTO SHIPPUDEN: Ultimate Ninja STORM 4,0.813369515
Uriel's Chasm 2: את,0.249227547
Streets of Rogue,0.94749955
Shipped,0.992464383
Shovel Knight: Treasure Trove,0.961434727
Montaro : RE,0.953355198
BIT.TRIP Presents... Runner2: Future Legend of Rhythm Alien,0.912503403
Rise High,1
Xenomarine,0.831578947
Outlast 2,0.857933508
Think To Die 3,0.800389863
Salt and Sanctuary,0.908817773
Ghostdream,0.601584606
The Binding of Isaac: Rebirth,0.972332062
RAID: World War II,0.465771868
City Siege: Faction Island,0.663157895
The Black Watchmen,0.897736907
VA-11 Hall-A: Cyberpunk Bartender Action,0.973888209
GORN,0.960003427
Copy Kitty,0.984928765
Jack N' Jill DX,1
Eon Altar,0.87002877
PlanetSide 2,0.800893786
FLOCK!,0.734892788
Eventide 3: Legacy of Legends,0.899235267
Virtual Desktop,0.658511051
Journey To The Center Of The Earth,0.625144366
Quake Champions,0.653145136
Bionic Commando Rearmed,0.564532954
Wargame: Red Dragon,0.859494654
Resident Evil 5,0.832839368
Corgi Warlock,0.757575757
Bing Bong XL,0.919799499
Rogue Stache,0.943859649
INFRA,0.871303991
Chroma Squad,0.922470037
Heroes of Hammerwatch,0.772498977
The Legend of Heroes: Trails in the Sky,0.904301091
Putt-Putt Joins the Parade,0.914938862
Tametsi,0.964912281
LostWinds,0.827890895
D&D Lords of Waterdeep,0.841655421
We Were Here Too,0.750919761
Hanako: Honor & Blade,0.800389863
Fallout 4 VR,0.657468691
Day of Infamy,0.796884608
The Elder Scrolls V: Skyrim VR,0.817329012
Putt-Putt and Pep's Balloon-o-Rama,0.839598997
Runes of Magic,0.438596491
LOVE 2: kuso,0.953603016
Grim Fandango Remastered,0.885034325
Cat on a Diet,0.825708061
The Legend of Heroes: Trails in the Sky SC,0.974256629
Red Comrades 3: Return of Alaska. Reloaded,0.796491228
Pang Adventures,0.790781301
Don't Escape: 4 Days to Survive,0.994182347
Unclaimed World,0.532163742
House Party,0.830233411
Mirror,0.964456596
Call of Juarez: Bound in Blood,0.807471376
Motorsport Manager,0.885033608
World of Goo,0.927923819
PAYDAY 2,0.826210578
BeamNG.drive,0.896753378
HELLGATE: London,0.517164413
Lucius,0.780915704
Dark Matter,0.350592698
Audition Online,0.603487616
iBomber Attack,0.762787249
Diadra Empty,0.710792131
Brief Karate Foolish,0.93330891
Gary Grigsby's War in the West,0.923877491
Penumbra: Black Plague,0.939863217
Ys VIII: Lacrimosa of Dana,0.599342293
Strife: Veteran Edition,0.911936704
Pid ,0.826249018
Pilam Sky,0.872408293
Pathway,0.584739627
NALOGI 2,0.69065521
Oik 2,0.908446087
SCUM,0.607728181
7 Days to Die,0.755471283
Zombidle: REMONSTERED,0.852698645
Zeno Clash,0.828887287
Shit Storm,0.867905057
MotoGP™18,0.608828523
Hyperdevotion Noire: Goddess Black Heart,0.797024843
Atom Zombie Smasher ,0.871841938
Job Simulator,0.849282296
Fallout 3,0.759169896
The Elder Scrolls III: Morrowind,0.940034044
The Elder Scrolls IV: Oblivion ,0.936706572
They Are Billions,0.837801754
One Eyed Kutkh,0.823873409
Legend of Grimrock 2,0.89458362
Fallout 3 - Game of the Year Edition,0.773035142
Fallout: New Vegas,0.949421082
"Warhammer 40,000: Space Marine - Anniversary Edition",0.896674836
IS Defense,0.933642737
Red Comrades Save the Galaxy: Reloaded,0.929314813
Wolfenstein: The Old Blood ,0.870762498
System Crash,0.866332498
Leadwerks Game Engine,0.699805068
RUSH: A Disney • PIXAR Adventure,0.568151147
FINAL FANTASY V,0.676396231
Double Action: Boogaloo,0.912081459
FINAL FANTASY VI,0.745575663
Far Cry New Dawn,0.667114671
Saints Row: The Third,0.954858767
Bacteria,0.499179604
Go! Go! Nippon! ~My First Trip to Japan~,0.866474697
GUNGRAVE VR U.N,1
OmniBus,0.77821096
Overcooked,0.900065101
Hotline Miami,0.971082108
Monster Prom,0.870463527
Dandara: Trials of Fear Edition,0.714696577
Ultratron,0.888647238
ZeroRanger,0.966649297
Beyond Gravity,0.872293346
Worms Reloaded,0.833972828
Fear Effect Sedna,0.399428804
Long Live The Queen,0.942550555
Sakura Clicker,0.824851303
Oniken,0.806031934
Neverout,0.75048733
Empyrion - Galactic Survival,0.774675886
Gay World,0.734297576
Dead Island Definitive Edition,0.677603099
Grim Legends: The Forsaken Bride,0.95224703
Lionessy Story,0.568151147
Cliff Empire,0.900095524
Dead Island Riptide Definitive Edition,0.621324126
Lovers in a Dangerous Spacetime,0.940306462
Yohjo Simulator,0.495688374
Energy Cycle,0.733397421
Achievement Clicker,0.618611747
Fort Triumph,0.816684569
Night in the Woods,0.937065195
Factory Engineer,0.428003972
Bloody Trapland 2: Curiosity,0.657248384
Speed Kills,0.441598649
Pixel Puzzles: Japan,0.798900235
Hue,0.931344284
Star Chronicles: Delta Quadrant,0.574561404
Marvel's Guardians of the Galaxy: The Telltale Series,0.852802739
Spooky's Jump Scare Mansion: HD Renovation,0.912233414
Wild West Saga,0.62709694
Sherlock Holmes: The Devil's Daughter,0.706936902
GearCity,0.803553828
Mega Man X Legacy Collection,0.600658161
Chivalry: Medieval Warfare,0.803286685
Car Mechanic Simulator 2018,0.745514338
"Warhammer 40,000: Dawn of War III",0.381339197
LoveKami -Divinity Stage-,0.847681218
Wolfenstein II: The New Colossus,0.690678558
Ellipsis,0.96754893
Act of Aggression,0.56643572
Rust,0.779972774
Pixel Puzzles 2: Anime,0.726006841
OMSI 2,0.743859649
Showing Tonight: Mindhunters Incident,0.5105713
RollerCoaster Tycoon: Deluxe,0.922517744
The Textorcist: The Story of Ray Bibbia,0.858286493
RollerCoaster Tycoon 2: Triple Thrill Pack,0.844234864
Bottle of truth,0.625730995
Death Road to Canada,0.925801514
A grande bagunça espacial - The big space mess,0.577167308
Eldritch,0.866483877
House Flipper,0.774799185
Antichamber,0.946499696
Planet of the Eyes,0.79118528
Mouse (Sneaking),0.648762933
Enforcer: Police Crime Action,0.41480156
Tacopocalypse,0.885816236
Fantasy Grounds Classic,0.764610688
Mystic Vale,0.792072775
Rubber Ducky and the Rainbow Gun,0.899334544
The Last Express Gold Edition,0.797894737
Pixel Puzzles Ultimate,0.670336061
Grim Dawn,0.900547015
Full Metal Furies,0.90014772
Regency Solitaire,0.935438596
Sudoku Zenkai,0.910888332
Niffelheim,0.765877576
Firewatch,0.838521584
SAS: Zombie Assault 4,0.782556507
Shining Resonance Refrain,0.737000158
Zombie Night Terror,0.921238659
Blush Blush,0.875818579
Water Planet,0.728977617
Doorways: Holy Mountains of Flesh,0.828624192
PULSAR: Lost Colony,0.891851391
Forgotten Places: Regained Castle,0.794152047
Dracula: Love Kills,0.790044216
Rivals of Aether,0.859955343
Rocket League,0.907347621
NavalArt,0.757230915
DRAGON BALL FighterZ,0.799918529
Kerbal Space Program,0.893521237
SURVIVAL: Postapocalypse Now,0.456046017
Märchen Forest: Mylne and the Forest Gift,0.84619082
Far Cry® 3,0.878497468
Race The Sun,0.931240349
Braveland,0.804915338
Carrier Deck,0.833096254
Action Henk,0.876042105
60 Parsecs!,0.802865944
The Flame in the Flood,0.730819366
Enemy Mind,0.845859602
Prominence Poker,0.763676893
ABZÛ,0.917921323
Ahnayro: The Dream World,0.889785814
Gang Beasts,0.658258436
Halfway,0.749809306
TerraTech,0.80184618
DmC Devil May Cry,0.931959717
CPUCores :: Maximize Your FPS,0.69416274
Cargo Commander,0.798728576
A Hat in Time,0.977090375
Tooth and Tail,0.750926612
Dead In Bermuda,0.726454948
Eternal Senia,0.975333669
A Total War Saga: Thrones of Britannia,0.514548315
Book of Demons,0.923386787
Slay the Spire,0.958748291
CHRONO TRIGGER,0.717985679
Train Simulator,0.569250252
Hot Tin Roof: The Cat That Wore A Fedora,0.610319917
Tabletop Simulator,0.937773107
Hyperdimension Neptunia Re;Birth2 Sisters Generation,0.911814443
Zoo Tycoon,0.426199569
PowerBeatsVR,0.859649123
Metal Waltz,0.756851224
RPG Maker VX Ace,0.934173793
Dog Sled Saga,0.906720648
fault - milestone one,0.929176788
Deep Rock Galactic,0.91517199
Disney Princess :  My Fairytale Adventure,0.837666456
Thomas Was Alone,0.937700852
Super Animal Royale,0.964883402
Cultures - Northland,0.810172915
Aviary Attorney,0.943301252
DC Universe Online,0.767047387
Zombie Driver HD,0.824027366
PAYDAY: The Heist,0.923501259
Crazy Machines 3,0.955606778
The Descendant,0.855868628
Insurgency: Sandstorm,0.737001965
Tales of Zestiria,0.825993555
aMAZE ZER0,0.839598997
Riff Racer,0.825324683
The Crew 2,0.446650859
theHunter Classic,0.355712979
Frog Demon,0.518796992
Cube Escape: Paradox,0.963513935
YAPP: Yet Another Puzzle Platformer,0.929824561
Yatagarasu Attack on Cataclysm,0.681178255
Dead But Alive! Southern England,0.455108359
The Lab,0.946985666
F1 2015,0.534019669
Resident Evil 6,0.76365781
Rogue Agent,0.760299626
Disney Winnie the Pooh,0.876053771
DayZ,0.557034137
Knights and Merchants,0.797533048
Amnesia: The Dark Descent,0.937152999
Chariot,0.771280052
Metro 2033 Redux,0.768649619
"Hot Dogs, Horseshoes & Hand Grenades",0.964745355
ToeJam & Earl: Back in the Groove,0.922565034
Five Nights at Freddy's,0.863798001
Enclave,0.754769474
Runner3,0.728353141
Adventure Climb VR,0.755911518
Guardians of Victoria,0.160518118
Emily is Away,0.872099334
Little Inferno,0.924895305
Hard Truck: Apocalypse Rise Of Clans / Ex Machina: Meridian 113,0.691688237
Adam Wolfe,0.926928432
Aground,0.981492193
KnightShift,0.546862046
Table Top Racing: World Tour,0.721718088
Life is Strange™,0.95900154
LEGO® Jurassic World,0.838096412
Spore: Galactic Adventures,0.787716369
Burnout Paradise: The Ultimate Box,0.851272578
Dishonored®: Death of the Outsider™ ,0.821603937
Age of Empires II (2013),0.937691544
SimCity 4 Deluxe,0.735371853
Command and Conquer 3: Tiberium Wars,0.87196441
Command and Conquer: Red Alert 3 - Uprising,0.775562595
Command and Conquer 3: Kane's Wrath,0.925538103
Subsistence,0.666988994
hocus,0.91297715
FortressCraft Evolved,0.708641651
There Came an Echo,0.708405341
RUSH,0.861571738
Medal of Honor: Airborne,0.763214073
Reflex,0.773226169
Desert Child,0.925146198
Patrician IV: Steam Special Edition,0.486375513
Need for Speed: SHIFT,0.692635282
Broken Sword 1 - Shadow of the Templars: Director's Cut,0.902128202
Army Men II,0.585049581
Tropico 4,0.902941214
Defense Grid 2,0.794374711
Porcunipine,0.814794718
Monster Hunter: World,0.630756214
Battlefield: Bad Company™ 2,0.83859389
The Indie Mixtape,0.875243665
The Heiress,0.857334899
Jagged Alliance - Back in Action,0.639657282
Ionball 2 : Ionstorm,0.694626284
東方天空璋 ～ Hidden Star in Four Seasons.,0.985719038
Orake Classic,0.653831064
Trine 3: The Artifacts of Power,0.624423324
ViveSpray 2,0.865263158
Subspace Continuum,0.863134133
Shadow Tactics: Blades of the Shogun,0.952896326
Super Hexagon,0.966117223
Doc Clock: The Toasted Sandwich of Time,0.395916692
Amorous,0.755240694
Battle Chasers: Nightwar,0.874761263
Draw Slasher,0.682438419
Pool Nation,0.88851249
Rocksmith® 2014 Edition - Remastered,0.90175283
#monstercakes,0.868963026
Assassin's Creed Origins,0.820862613
Toybox Turbos,0.828742495
Moon Hunters,0.73970754
Duke Nukem Forever,0.622759715
Resident Evil Revelations 2,0.740208417
Resident Evil 7 Biohazard,0.906992167
Gravity Wars,0.859649123
The Cave,0.848238482
Everything,0.818530701
Mad Father,0.954792486
Absolute Drift,0.866895901
My Summer Car,0.896174457
Zero Caliber VR,0.730994152
Rest House,0.209876543
LEGO® MARVEL Super Heroes 2,0.73557796
Rising Storm 2: Vietnam,0.755953721
Metro: Last Light Redux,0.775339155
Mr. Barrel,0.875243665
INK,0.805610283
Better Late Than DEAD,0.211251268
The Stanley Parable,0.907064077
Rise of Nations: Extended Edition,0.905129025
Time Clickers,0.872314303
Resident Evil 4,0.818438293
We Happy Few,0.664642224
Chill II,0.251461988
NEKOPARA Vol. 0,0.931536157
Car Mechanic Simulator 2015,0.897566309
Hypnospace Outlaw,0.98768852
The Takeover,0.906432749
Chicken Invaders 5,0.960166492
Cosmonautica,0.441400704
Space Pirate Trainer,0.952676473
We Were Here,0.914808127
MacGuffin's Curse,0.814794718
Wacky Spores: The Chase,1
The Council,0.826893968
Magnifico,0.524577209
Scarlett Mysteries: Cursed Child,0.795853269
METAL GEAR SOLID V: THE PHANTOM PAIN,0.872413561
SkyDrift,0.873377344
Black Desert,0.598270029
Shortest Trip to Earth,0.789473684
Planetary Annihilation: TITANS,0.771212263
Richie's Plank Experience,0.822068834
Anomaly Warzone Earth,0.857162081
Whirligig,0.766689451
Abyss Odyssey,0.576808071
Instant Death,0.867905057
Assassin's Creed Odyssey,0.799040667
Fortissimo FA,0.826043984
Fox Hime Zero,0.966161981
Crossout,0.625327861
DreadOut: Keepers of The Dark,0.777186156
Blood Bowl: Legendary Edition,0.716500554
Jurassic World Evolution,0.671665479
Highway Blossoms,0.940951279
Trillion,0.719298246
THE KING OF FIGHTERS '98 ULTIMATE MATCH FINAL EDITION,0.824527762
THE KING OF FIGHTERS 2002 UNLIMITED MATCH,0.910724825
Mini Metro,0.958285807
GRID Autosport,0.725228865
Resident Evil Revelations,0.815607741
Aim Lab,0.78434422
Supreme Ruler 2020: Gold,0.7676951
SMITE,0.769924015
Descenders,0.904376326
Journey of a Roach,0.863025261
Scavenger SV-4,0.841858167
Thorne - Death Merchants,0.819448118
Train Valley,0.874216018
妄想症 Deliver Me,0.875243665
Dungeonmans,0.910572892
Sim Racing Telemetry,0.578947368
The Room,0.970018504
SeaBed,0.952220979
Fish Tycoon 2: Virtual Aquarium,0.423423423
Caveblazers,0.86364393
Just Cause 4,0.275113488
The King's Bird,0.874168179
liteCam HD: Capture twitch.tv Live Stream,0.395411606
Wargame: AirLand Battle,0.873858984
Aven Colony,0.700003891
E.Y.E: Divine Cybermancy,0.810388973
"Cook, Serve, Delicious! 2!!",0.860547656
It's Quiz Time,0.719298246
Raft,0.758224353
Cosmic Express,0.922944616
Tales of the Tiny Planet,0.875243665
Nyasha Winter,0.625730995
Caesar 3,0.84619082
Insurgency,0.894576766
Ancients of Ooga,0.719298246
Caesar 4,0.489149414
Bless Online,0.332478236
Fable Anniversary,0.756271377
THE KING OF FIGHTERS XIII STEAM EDITION,0.875346833
Cities: Skylines,0.908338234
Party Saboteurs,0.608323134
UNLOVED,0.749942541
Black Squad,0.722131843
Post Apocalyptic Mayhem,0.825047382
Dead Pixels,0.85006596
东方大战争 ~ Touhou Big Big Battle,0.823234428
Five Nights at Freddy's 3,0.863938667
WRC 5,0.46827421
Homefront: The Revolution,0.501777579
Ultimate Chicken Horse,0.93942027
Running Man 3D,0.478696742
Chess Ultra,0.704801911
Head Shot,0.429929885
The Orchard of Stray Sheep,0.707093822
GARAGE: Bad Trip,0.817923187
Giana Sisters: Twisted Dreams,0.764607661
Intruder,0.868140102
The Sun and Moon,0.848699764
Assassin's Creed III Remastered,0.242990879
永冻之壳 The Shell of Permafrost,0.982234066
Maitetsu,0.973684211
Ninja Stealth,0.627112061
Nioh: Complete Edition,0.760610256
A.R.E.S.,0.652300886
Discord Bot Maker,0.787053842
Hentai Girl,0.901161354
Home Design 3D,0.72986476
Forest Fortress,0.763619575
Braid,0.937324149
Enemy Front,0.583094099
WayOut,0.883344725
Ori and the Blind Forest: Definitive Edition,0.957366923
POSTAL 2,0.944882791
Diamo XL,0.953053365
Onmyoji,0.642365172
Icewind Dale: Enhanced Edition,0.834207367
Hyperdimension Neptunia U: Action Unleashed,0.92310738
NEKOPARA Vol. 2,0.970004707
Artifact Classic,0.423104193
Crayon Physics Deluxe,0.842489106
Child of Light,0.921810679
Sid Meier's Civilization VI,0.641867322
ENDLESS™ Legend,0.804837949
MXGP - The Official Motocross Videogame,0.752441344
Accounting,0.940006627
Blackwake,0.8568078
Cosmic Star Heroine,0.889040248
Cry of Fear,0.839651401
Parkitect,0.902877193
Scheming Through The Zombie Apocalypse: The Beginning,0.885066998
Tokyo Warfare Turbo,0.724594505
Cell to Singularity - Evolution Never Ends,0.773535534
Ball laB,0.550877193
Summer Sale,0.542823303
DCS World Steam Edition,0.739702892
Powargrid,0.91682911
Furious Angels,0.843101203
Supraland,0.957453708
Star Fight,0.550877193
Xenonauts,0.866483428
Syrian Warfare,0.845696111
Geometry Dash,0.939756438
Sakura Sadist,0.827890895
Hero,0.251461988
theHunter: Call of the Wild™,0.758437244
SteamWorld Heist,0.951147196
Lone Leader,0.278195489
"Guns, Gore & Cannoli",0.920929084
OneShot,0.977954704
RC Cars,0.705121389
Bomb The Monsters!,0.505964912
Sonic Mania,0.885544172
Gurumin: A Monstrous Adventure,0.903930951
Sebastien Loeb Rally EVO,0.441709634
Realm Royale,0.59210283
Alpha Runner,0.759600513
Treasure Hunter Simulator,0.56375014
Don't Starve Together,0.95813623
Eastshade,0.833459246
MotoGP™15,0.70519907
Marauder,0.62074074
MY HERO ONE'S JUSTICE,0.810093135
The Tape,0.516810603
ECHO,0.791498823
Shadowverse,0.702990846
Codename CURE,0.803977416
Assassin's Creed Unity,0.580941798
FRAMED Collection,0.941588075
Scrap Mechanic,0.826525254
Lucy Got Problems,0.954304366
DashPanel,0.732664996
Lara Croft and the Temple of Osiris,0.510477978
Meadow,0.876959828
Bubble Ghost,0.560640732
StarBreak,0.738524394
Eternam,0.719298246
SUPERHOT,0.854981462
The Legend of Heroes: Trails of Cold Steel II,0.955483422
Dynasty Warriors 8 Empires,0.593796779
No More Room in Hell,0.880364648
A Dance of Fire and Ice,0.914895519
Not The Robots,0.773762765
Japanese Women - Animated Jigsaws,0.916208431
TransOcean: The Shipping Company,0.642326353
Construction-Simulator 2015,0.708816292
Plantera,0.870157034
Hero Quest: Tower Conflict,0.188124157
Zup! S,0.934995383
Last Word,0.820062978
Among Us,0.826043984
Octodad: Dadliest Catch,0.917309074
Super Mixtape,0.867905057
Late Shift,0.871406264
Sekiro™: Shadows Die Twice,0.861772443
GRIS,0.954630272
Darksiders II Deathinitive Edition,0.710383736
In Between,0.877870114
Envy the Dead,0.652740097
Kane & Lynch 2: Dog Days,0.545524854
SUPERHOT VR,0.869038794
Hunting Simulator,0.37931786
Fruit Ninja VR,0.835321637
Drizzlepath,0.482164391
Riders of Asgard,0.925146198
Card of spirits,0.756499683
Dungeon Escape,0.748937562
Space Run Galaxy,0.595669227
The Talos Principle,0.951092913
Tharsis,0.656408781
FEZ,0.909934747
Rebel Galaxy,0.83461077
Sunset Overdrive,0.885844481
Armello,0.774045041
Warhammer: Vermintide 2,0.714442285
Super House of Dead Ninjas,0.95383466
Far Cry 5,0.638885918
Quest Hunter,0.781012816
Frostpunk,0.862536205
Home is Where One Starts...,0.721165441
Star Speeder,1
The Sexy Brutale,0.930670865
Vagante,0.882096193
Barro,0.69504007
ATOM RPG,0.843027834
DUSK,0.972904061
Azure Striker Gunvolt,0.853321164
Tomb Raider I,0.797526603
GameMaker Studio 2 Desktop,0.731558782
Tomb Raider: The Last Revelation,0.852140639
Bloody Trapland,0.813116179
Skylands,0.52723915
Tomb Raider: Chronicles,0.720206665
Shadows: Awakening,0.736188609
Grow Home,0.898769818
WORLD OF FINAL FANTASY,0.773544895
Tomb Raider (VI): The Angel of Darkness,0.518534471
The Lords of the Earth Flame,0.669762642
Oxenfree,0.923793547
Chocolate makes you happy,0.759398497
Violett,0.588092043
Freebie,0.721704886
The Magic Circle,0.917601253
Wizard And Minion Idle,0.806412583
Brothers - A Tale of Two Sons,0.942577046
Hyper Light Drifter,0.931090922
Climbey,0.923141186
Middle-earth™: Shadow of War™,0.751443373
Personal Disco VR,0.91682911
RollerCoaster Tycoon Classic,0.699530516
Shadow Warrior Classic Redux,0.912606257
My Lands,0.83417004
Oozi: Earth Adventure,0.834832252
Sakura no Mori † Dreamers,0.936842105
METAL SLUG DEFENSE,0.438978139
Brütal Legend,0.92594269
Jamestown,0.943805091
DRAGON BALL XENOVERSE 2,0.767054424
Jotun: Valhalla Edition,0.757096936
Tomb Raider II,0.859649123
Horizon Chase Turbo,0.962152573
World of Warships,0.684568043
Tomb Raider III: Adventures of Lara Croft,0.807234901
Thumper,0.911915896
Age of Wonders,0.745289149
DARK,0.424791487
Super Indie Karts,0.795006188
The Dream Machine,0.909365056
Leaving Lyndow,0.777264299
Bloons Adventure Time TD,0.669172932
Nidhogg,0.863564007
Wand Wars,0.936042639
Comic Book Hero: The Greatest Cape,0.410804239
Beat Hazard 2,0.91106479
GUILTY GEAR Xrd -REVELATOR-,0.926731262
"Warhammer 40,000: Space Wolf",0.648075412
Twin Saga,0.652464494
Just Cause 3,0.695848146
IronBorn,0.438596491
Green Hell,0.823524697
Move or Die,0.858484032
Critter Crunch,0.941780377
Mainlining,0.781824229
Death's Gambit: Afterlife,0.682353781
Pummel Party,0.794755706
Shardbound,0.726741095
Spooky's Jump Scare Mansion,0.916552016
Blade Symphony,0.630142652
Lethal League Blaze,0.959744922
Sacred 2 Gold,0.667590027
Bridge Constructor Portal,0.887719298
Halcyon 6: Lightspeed Edition,0.745725638
BlazBlue Centralfiction,0.889995258
The Vanishing of Ethan Carter,0.877251718
Street Fighter 30th Anniversary Collection,0.542448615
Outcast - Second Contact,0.853694844
Final Slam 2,0.123187578
Eron,0.522807018
Dear Esther: Landmark Edition,0.72841852
Kalimba,0.928222382
Sven Co-op,0.901594991
Trainz Railroad Simulator 2019,0.431490118
Flight Control HD,0.908549654
Subnautica: Below Zero,0.884228962
TEKKEN 7,0.809801697
iFactor,0.183413078
DEMON'S TILT,0.928936265
Hot Squat,0.935470861
while True: learn(),0.886656705
Chime,0.927380641
Warface,0.656943887
PIPE,0.881134672
Deserter Simulator,0.49122807
Brawlhalla,0.814620477
Megamagic: Wizards of the Neon Age,0.767222936
JDM Tuner Racing,0.316923487
Pillars of Eternity,0.846162109
Ultimate Marvel vs. Capcom 3,0.857791928
Weird Worlds: Return to Infinite Space,0.574794975
HALF DEAD 2,0.84
Citizens of Earth,0.75008489
Empathy: Path of Whispers,0.596294106
Eleven Table Tennis,0.941410412
MinosMaze - The Minotaur's Labyrinth,0.503875969
JUMP FORCE,0.506493899
Gauntlet™ ,0.753312075
Boundless,0.667062714
Snakebird,0.920284094
Kingdom Clicker,0.438596491
Another Brick in The Mall,0.795132994
9Dragons,0.589075783
Halo: Spartan Strike,0.812275167
Space Hulk: Deathwing - Enhanced Edition,0.636695907
Husk,0.348904806
Particle Fleet: Emergence,0.911936704
Pit People,0.934583555
Queen's Quest: Tower of Darkness,0.625730995
Devil Daggers,0.946784125
Alone in the Dark,0.321404904
To Be or Not To Be,0.91799724
Rainbow Snake,0.761828815
The Warlock of Firetop Mountain,0.741854637
Use Your Words,0.79263474
Taken Souls: Blood Ritual Collector's Edition,0.270175439
Mist Survival,0.806376623
The Witcher 3: Wild Hunt,0.974065951
Shadow Warrior 2,0.863413508
Umbrella Corps,0.186747356
TOXIKK,0.737040243
Upside Down,0.858566726
Kingdom Rush Origins,0.928411633
Degeneration,0.438596491
Heli Heroes,0.389473684
Transport Defender,0.739508772
Depression The Game,0.703578947
F1 2014,0.751098024
FINAL FANTASY XIII,0.6822634
God's Trigger,0.830163645
MAGICAL×SPIRAL,0.578947368
FINAL FANTASY XIII-2,0.557447202
Desktop Dungeons,0.899334544
Furi,0.886109453
Rage Wars,0.687503549
Shadow of the Tomb Raider,0.675240595
One Finger Death Punch 2,0.963114093
South Park The Fractured But Whole,0.669724114
Inside My Radio,0.89087809
Ys SEVEN,0.899992897
Ys: Memories of Celceta,0.922321527
PewDiePie: Legend of the Brofist,0.87494377
Lost Planet 3,0.567120958
Tokyo Xanadu eX+,0.890724378
ISLANDERS,0.944826969
Age of Wonders III,0.773477537
HOARD,0.775705613
A Clockwork Ley-Line: The Borderline of Dusk,0.922565034
Street Racing Syndicate,0.795499155
AppGameKit Classic,0.879699248
Air Missions: HIND,0.766729844
Tales of Maj'Eyal,0.948166146
Sakura Gamer,0.862913097
Guns'n'Stories: Bulletproof VR,0.895064765
Life is Strange: Before the Storm,0.926515967
LOR - League of Runners,0.290858726
Project Highrise,0.788548584
Hello Neighbor,0.669002077
I Expect You To Die,0.923821352
Infektor,0.812865497
Mr Shifty,0.854828992
D4: Dark Dreams Don't Die,0.788215126
Chompy Chomp Chomp,0.647915199
Scythe: Digital Edition,0.696928697
Curious Expedition,0.878615458
Dark Devotion,0.668261564
Unforgiving Trials: The Darkest Crusade,0.576970596
Workers & Resources: Soviet Republic,0.792147034
Uriel's Chasm,0.068049872
Driftland: The Magic Revival,0.80424006
Cultist Simulator,0.723289265
Farm Frenzy Collection,0.91682911
Spirit Hunter: Death Mark,1
Defy Gravity,0.843418504
Call of Duty: Infinite Warfare,0.354680541
F1 2016,0.821471059
Marooners,0.667931381
Crome: Before Purgatory,0.919799499
Hand of Fate 2,0.849709259
Euro Truck Simulator 2,0.96418091
Blast-off,0.928710666
WWE 2K19,0.542256006
Total War: ATTILA,0.700714269
The Last Leviathan,0.736406479
Pool Panic,0.847754981
Rise of the Triad: Dark War,0.897926635
東方幕華祭 TouHou Makuka Sai ~ Fantastic Danmaku Festival,0.960371517
Minion Masters,0.873350132
Rise of the Tomb Raider,0.918448708
The Mammoth: A Cave Painting,0.890251946
DUCATI - 90th Anniversary,0.625730995
War of Rights,0.766051313
Ghostlords,0.965975545
Zombillie,0.694889398
Door Kickers: Action Squad,0.915188196
Valiant Hearts: The Great War™ / Soldats Inconnus : Mémoires de la Grande Guerre™,0.95133748
Chicken Assassin: Reloaded,0.938131042
The First Tree,0.739910524
Pavlov VR,0.879468856
Forager,0.874844444
Dead Drop,0.775438596
Detention,0.73119832
Return of the Obra Dinn,0.964311757
BIT.TRIP RUNNER,0.844933642
Gryphon Knight Epic,0.818212197
"10,000,000",0.880701754
Castle of Illusion,0.885443338
WARMODE,0.542991084
Never give up!,0.881809788
Delve Deeper,0.535087719
The Four Kings Casino and Slots,0.645665428
The Elder Scrolls V: Skyrim Special Edition,0.735439001
Undertale,0.950667068
Pizza Connection 3,0.351267056
Card Hunter,0.846287873
Wolcen: Lords of Mayhem,0.641733212
Beat Saber,0.924673637
Oxygen Not Included,0.924842659
Serious Sam Classics: Revolution,0.876819709
Haunted,0.715745059
Antigraviator,0.654520917
Horizon Shift,0.766081872
MachiaVillain,0.607908661
SEUM: Speedrunners from Hell,0.946382811
PC Building Simulator,0.881415176
Shroud of the Avatar: Forsaken Virtues,0.451539512
Layers of Fear,0.883659126
Crashlands,0.848438082
Conflict of Nations: World War 3,0.426981246
Heroes & Generals,0.614622963
The Rake: Red Forest,0.361054571
Fallout Shelter,0.840028014
Neighbours from Hell,0.966116474
Q.U.B.E. 2,0.80355111
Warspear Online,0.653533834
Domino Sky,0.847754981
"Forgotten, Not Lost - A Kinetic Novel",0.861808367
ShellShock Live,0.888161697
Lethis - Path of Progress,0.658097741
Bigscreen Beta,0.870602095
If My Heart Had Wings,0.918007757
Company of Heroes ,0.885444148
Sairento VR,0.888039186
Dead Cells,0.941380374
Luna Online: Reborn,0.495140729
Chime Sharp,0.754051796
Little Nightmares,0.87127388
"Peace, Death!",0.934450061
Crawl,0.955236929
Elite Dangerous,0.667350022
Alice's Patchworks 2,0.721408785
ENDLESS™ Space 2,0.780240984
Baldur's Gate: Enhanced Edition,0.84026236
Remember Me,0.812951378
X4: Foundations,0.634890679
Killer is Dead,0.725436853
Blasters of the Universe,0.886457717
Resident Evil 2,0.953620844
Hyper Jam,0.924426451
Wreckfest,0.753418883
Lethal League,0.929900536
Tom Clancy's Rainbow Six Siege,0.784613304
LEGO® The Incredibles,0.789473684
Mysterium,0.748778339
Cadria Item Shop,0.69350403
Uncanny Valley,0.560869386
Idle Racing GO: Car Clicker Tycoon,0.324412727
Dolphin Swim,0.518796992
Heart&Slash,0.796129891
RimWorld,0.975585578
Blood Harvest 3,0.740890688
WRC 7,0.613841233
Cookies vs. Claus,0.853090671
March of the Living,0.723937944
Pressure Overdrive,0.75048733
Fly O'Clock,0.799003682
This Is the Police 2,0.735998513
Worms W.M.D,0.777127028
Lust for Darkness,0.67701681
Hare In The Hat,0.651995486
Tesla Effect,0.862211309
Ne no Kami - The Two Princess Knights of Kyoto,0.846889953
HYPERCHARGE: Unboxed,0.863247863
Everyday Genius: SquareLogic,0.978197922
TrackMania² Canyon,0.780357238
Fox Hime,0.843265941
Gloria Victis,0.647467125
Shift Happens,0.891341256
Lucadian Chronicles,0.801857585
FINAL FANTASY X/X-2 HD Remaster,0.884966774
Hexologic,0.953983318
Crowntakers,0.725298996
Jeeboman,0.704524469
Holdfast: Nations At War,0.836702649
Emily is Away Too,0.922529415
Borderlands: The Pre-Sequel,0.740761045
Akane,0.979255297
Ni no Kuni™ II: Revenant Kingdom,0.814320665
Anna's Quest,0.865579441
Eryi's Action,0.862143242
LEGOⓇ Indiana Jones™: The Original Adventures,0.750805585
The Secret of Monkey Island: Special Edition,0.943142754
The Room Two,0.97385366
STAR WARS™: Knights of the Old Republic™,0.864331396
Fated Souls 2,1
Gahkthun of the Golden Lightning Steam Edition,0.937621832
STAR WARS™: Dark Forces,0.885167464
LEGO® Star Wars™: The Complete Saga,0.912606082
Marble Race,0.822714681
LEGO® Indiana Jones™ 2: The Adventure Continues,0.705326665
Monkey Island 2: Special Edition,0.943725662
LUMINES REMASTERED,0.940002678
STAR WARS™ Empire at War: Gold Pack,0.935765447
A Sirius Game,0.451072125
Grim Legends 3: The Dark City,0.921943897
How to Survive 2,0.665486358
Neptune: Arena FPS,0.673365231
Heavy Dreams,0.294452348
Putt-Putt Goes to the Moon,0.906432749
Oik 3,0.860848703
LEGO® Star Wars™ III: The Clone Wars™,0.837105718
Putt-Putt Saves The Zoo,0.954699429
Putt-Putt Travels Through Time,0.892333574
Drift Horizon Online,0.338413374
Kindergarten,0.930014739
Putt-Putt and Fatty Bear's Activity Pack,0.816267942
12 Labours of Hercules V: Kids of Hellas,0.877588709
Call of Duty: Modern Warfare Remastered,0.447539202
Queen's Quest 3: The End of Dawn,0.712770298
Delta Force: Black Hawk Down,0.908097646
RŌA,0.157894737
Darkest Dungeon®,0.843246513
CRSED,0.736312495
NieR:Automata™,0.783403921
Valkyria Chronicles™,0.902998733
Kingdom Rush Frontiers,0.953162662
TSIOQUE,0.98262581
Toy Soldiers: Complete,0.724752839
Mafia III: Definitive Edition,0.432694855
